index,SMILES,cox2,estrogen,gelatinase,neuramidase,kinase,thrombin,none,mol,isosmiles
0,C[S](=O)(=O)NC1=C(OC2CCCCC2)C=C(C=C1)[N](=O)=O,1,0,0,0,0,0,0,<rdkit.Chem.rdchem.Mol object at 0x000001E91DA74F40>,CS(=O)(=O)Nc1ccc([N+](=O)[O-])cc1OC1CCCCC1
1,C[S](=O)(=O)NC1=C(OC2=C(F)C=C(F)C=C2)C=C3C(=O)CCC3=C1,1,0,0,0,0,0,0,<rdkit.Chem.rdchem.Mol object at 0x000001E91DA79220>,CS(=O)(=O)Nc1cc2c(cc1Oc1ccc(F)cc1F)C(=O)CC2
2,C[S](=O)(=O)NC1=C(SC2=C(F)C=C(F)C=C2)C=C3C(=O)CCC3=C1,1,0,0,0,0,0,0,<rdkit.Chem.rdchem.Mol object at 0x000001E91DA79280>,CS(=O)(=O)Nc1cc2c(cc1Sc1ccc(F)cc1F)C(=O)CC2
3,C[S](=O)(=O)NC1=C(SC2=C(F)C=C(F)C=C2)C=C(C=C1)C(N)=O,1,0,0,0,0,0,0,<rdkit.Chem.rdchem.Mol object at 0x000001E91DA792E0>,CS(=O)(=O)Nc1ccc(C(N)=O)cc1Sc1ccc(F)cc1F
4,C[S](=O)(=O)NC1=C(SC2=C(Cl)C=C(Cl)C=C2)C=C(C=C1)[S](N)(=O)=O,1,0,0,0,0,0,0,<rdkit.Chem.rdchem.Mol object at 0x000001E91DA79340>,CS(=O)(=O)Nc1ccc(S(N)(=O)=O)cc1Sc1ccc(Cl)cc1Cl
5,COC1=CC=C(C=C1)C2=C(N=C(S2)C3=C(Cl)C=CC=C3)C4=CC=C(C=C4)[S](C)(=O)=O,1,0,0,0,0,0,0,<rdkit.Chem.rdchem.Mol object at 0x000001E91DA793A0>,COc1ccc(-c2sc(-c3ccccc3Cl)nc2-c2ccc(S(C)(=O)=O)cc2)cc1
6,COC1=CC=C(C=C1)C2=C(N=C(S2)C3=C(Cl)C=CC=C3)C4=CC=C(SC)C=C4,1,0,0,0,0,0,0,<rdkit.Chem.rdchem.Mol object at 0x000001E91DA79400>,COc1ccc(-c2sc(-c3ccccc3Cl)nc2-c2ccc(SC)cc2)cc1
7,C[S](=O)(=O)C1=CC=C(C=C1)[N]2N=C(C=C2C3=CC=C(F)C=C3)C(F)(F)F,1,0,0,0,0,0,0,<rdkit.Chem.rdchem.Mol object at 0x000001E91DA79460>,CS(=O)(=O)c1ccc(-n2nc(C(F)(F)F)cc2-c2ccc(F)cc2)cc1
8,C[S](=O)(=O)C1=CC=C(C=C1)[N]2N=C(C=C2C3=CC=C(Br)C=C3)C(F)(F)F,1,0,0,0,0,0,0,<rdkit.Chem.rdchem.Mol object at 0x000001E91DA794C0>,CS(=O)(=O)c1ccc(-n2nc(C(F)(F)F)cc2-c2ccc(Br)cc2)cc1
9,CC1=CC=C(C=C1)C2=CC(=N[N]2C3=CC=C(C=C3)[S](N)(=O)=O)C(F)(F)F,1,0,0,0,0,0,0,<rdkit.Chem.rdchem.Mol object at 0x000001E91DA79520>,Cc1ccc(-c2cc(C(F)(F)F)nn2-c2ccc(S(N)(=O)=O)cc2)cc1
10,C[S](=O)(=O)C1=CC=C(C=C1)C2=C(N=NS2)C3=CC=C(F)C=C3,1,0,0,0,0,0,0,<rdkit.Chem.rdchem.Mol object at 0x000001E91DA79580>,CS(=O)(=O)c1ccc(-c2snnc2-c2ccc(F)cc2)cc1
11,CC(=O)C1=NC(=C(O1)C2=CC(=C(C=C2)[S](N)(=O)=O)F)C3=CC=CC=C3,1,0,0,0,0,0,0,<rdkit.Chem.rdchem.Mol object at 0x000001E91DA795E0>,CC(=O)c1nc(-c2ccccc2)c(-c2ccc(S(N)(=O)=O)c(F)c2)o1
12,CC1=NC(=C(O1)C2=CC(=C(C=C2)[S](N)(=O)=O)F)C3CCCCC3,1,0,0,0,0,0,0,<rdkit.Chem.rdchem.Mol object at 0x000001E91DA79640>,Cc1nc(C2CCCCC2)c(-c2ccc(S(N)(=O)=O)c(F)c2)o1
13,C[S](=O)(=O)C1=CC=C(C=C1)C2=C(N=C([NH]2)C(F)(F)F)C3CCCCC3,1,0,0,0,0,0,0,<rdkit.Chem.rdchem.Mol object at 0x000001E91DA796A0>,CS(=O)(=O)c1ccc(-c2[nH]c(C(F)(F)F)nc2C2CCCCC2)cc1
14,C[S](=O)(=O)C1=CC=C(C=C1)C2=C(N=C([NH]2)C(F)(F)F)C3=CC=C(F)C=C3,1,0,0,0,0,0,0,<rdkit.Chem.rdchem.Mol object at 0x000001E91DA79700>,CS(=O)(=O)c1ccc(-c2[nH]c(C(F)(F)F)nc2-c2ccc(F)cc2)cc1
15,C[S](=O)(=O)C1=CC=C(C=C1)C2=C(C(=O)OC23CC3)C4=CC=CC=C4,1,0,0,0,0,0,0,<rdkit.Chem.rdchem.Mol object at 0x000001E91DA79760>,CS(=O)(=O)c1ccc(C2=C(c3ccccc3)C(=O)OC23CC3)cc1
16,C[S](=O)(=O)C1=CC=C(C=C1)C2=C(C(=O)OC23CCCC3)C4=CC=CC=C4,1,0,0,0,0,0,0,<rdkit.Chem.rdchem.Mol object at 0x000001E91DA797C0>,CS(=O)(=O)c1ccc(C2=C(c3ccccc3)C(=O)OC23CCCC3)cc1
17,C[S](=O)(=O)C1=CC=C(C=C1)C2=C(C(=O)N(CC3=CC=CC=C3)N=C2)C4=CC=CC=C4,1,0,0,0,0,0,0,<rdkit.Chem.rdchem.Mol object at 0x000001E91DA79820>,CS(=O)(=O)c1ccc(-c2cnn(Cc3ccccc3)c(=O)c2-c2ccccc2)cc1
18,C[S](=O)(=O)C1=CC=C(C=C1)C2=N[N](CC3=CC=CC=C3)C(=C2C4=CC=C(F)C=C4)C(F)(F)F,1,0,0,0,0,0,0,<rdkit.Chem.rdchem.Mol object at 0x000001E91DA79880>,CS(=O)(=O)c1ccc(-c2nn(Cc3ccccc3)c(C(F)(F)F)c2-c2ccc(F)cc2)cc1
19,N[S](=O)(=O)C1=CC=C(C=C1)C2=C(CO)ON=C2C3=CC=CC=C3,1,0,0,0,0,0,0,<rdkit.Chem.rdchem.Mol object at 0x000001E91DA798E0>,NS(=O)(=O)c1ccc(-c2c(-c3ccccc3)noc2CO)cc1
20,C[S](=O)(=O)C1=CC=C(C=C1)C2=CC(=N[N]2C3=CC=C(F)C=C3)Cl,1,0,0,0,0,0,0,<rdkit.Chem.rdchem.Mol object at 0x000001E91DA79940>,CS(=O)(=O)c1ccc(-c2cc(Cl)nn2-c2ccc(F)cc2)cc1
21,N[S](=O)(=O)C1=CC=C(C=C1)C2=CC(=N[N]2C3=CC=C(F)C=C3)C(F)(F)F,1,0,0,0,0,0,0,<rdkit.Chem.rdchem.Mol object at 0x000001E91DA799A0>,NS(=O)(=O)c1ccc(-c2cc(C(F)(F)F)nn2-c2ccc(F)cc2)cc1
22,N[S](=O)(=O)C1=CC=C(C=C1)[N]2N=C(C=C2C3=NC4=C(S3)C(=CC=C4)F)C(F)F,1,0,0,0,0,0,0,<rdkit.Chem.rdchem.Mol object at 0x000001E91DA79A00>,NS(=O)(=O)c1ccc(-n2nc(C(F)F)cc2-c2nc3cccc(F)c3s2)cc1
23,N[S](=O)(=O)C1=CC=C(C=C1)[N]2C=CC=C2C3=CC=C(F)C=C3,1,0,0,0,0,0,0,<rdkit.Chem.rdchem.Mol object at 0x000001E91DA79A60>,NS(=O)(=O)c1ccc(-n2cccc2-c2ccc(F)cc2)cc1
24,CC1=CC=C(C=C1)[N]2C=CC=C2C3=CC=C(C=C3)[S](C)(=O)=O,1,0,0,0,0,0,0,<rdkit.Chem.rdchem.Mol object at 0x000001E91DA79AC0>,Cc1ccc(-n2cccc2-c2ccc(S(C)(=O)=O)cc2)cc1
25,N[S](=O)(=O)C1=CC=C(C=C1)C2=COC(=O)N2C3=CC=C(Cl)C=C3,1,0,0,0,0,0,0,<rdkit.Chem.rdchem.Mol object at 0x000001E91DA79B20>,NS(=O)(=O)c1ccc(-c2coc(=O)n2-c2ccc(Cl)cc2)cc1
26,N[S](=O)(=O)C1=CC=C(C=C1)C2=COC(=O)N2C3=CC=C(F)C=C3,1,0,0,0,0,0,0,<rdkit.Chem.rdchem.Mol object at 0x000001E91DA79B80>,NS(=O)(=O)c1ccc(-c2coc(=O)n2-c2ccc(F)cc2)cc1
27,C[S](=O)(=O)C1=CC=C(C=C1)[N]2C=C(N=C2C3=CN=CC=C3)C(F)(F)F,1,0,0,0,0,0,0,<rdkit.Chem.rdchem.Mol object at 0x000001E91DA79BE0>,CS(=O)(=O)c1ccc(-n2cc(C(F)(F)F)nc2-c2cccnc2)cc1
28,CC1=CC(=CN=C1)C2=NC(=C[N]2C3=CC=C(C=C3)[S](N)(=O)=O)C(F)(F)F,1,0,0,0,0,0,0,<rdkit.Chem.rdchem.Mol object at 0x000001E91DA79C40>,Cc1cncc(-c2nc(C(F)(F)F)cn2-c2ccc(S(N)(=O)=O)cc2)c1
29,N[S](=O)(=O)C1=CC=C(C=C1)C2=C(C=C(F)C(=C2)F)C3=CC(=C(F)C=C3)Cl,1,0,0,0,0,0,0,<rdkit.Chem.rdchem.Mol object at 0x000001E91DA79CA0>,NS(=O)(=O)c1ccc(-c2cc(F)c(F)cc2-c2ccc(F)c(Cl)c2)cc1
30,C[S](=O)(=O)C1=CC=C(C=C1)C2=C(C=C(F)C(=C2)F)C3=CC(=C(F)C=C3)Cl,1,0,0,0,0,0,0,<rdkit.Chem.rdchem.Mol object at 0x000001E91DA79D00>,CS(=O)(=O)c1ccc(-c2cc(F)c(F)cc2-c2ccc(F)c(Cl)c2)cc1
31,COC1=C(C=C(C2=CC=C(C=C2)[S](C)(=O)=O)C(=N1)C3=CC=C(F)C=C3)C#N,1,0,0,0,0,0,0,<rdkit.Chem.rdchem.Mol object at 0x000001E91DA79D60>,COc1nc(-c2ccc(F)cc2)c(-c2ccc(S(C)(=O)=O)cc2)cc1C#N
32,COC1=NC(=C(C2=CC=C(F)C=C2)C(=C1)C3=CC=C(C=C3)[S](C)(=O)=O)C(F)(F)F,1,0,0,0,0,0,0,<rdkit.Chem.rdchem.Mol object at 0x000001E91DA79DC0>,COc1cc(-c2ccc(S(C)(=O)=O)cc2)c(-c2ccc(F)cc2)c(C(F)(F)F)n1
33,C[S](=O)(=O)C1=CC=C(C=C1)C2=C(C(=O)CC2)C3=CC(=CN=C3)Cl,1,0,0,0,0,0,0,<rdkit.Chem.rdchem.Mol object at 0x000001E91DA79E20>,CS(=O)(=O)c1ccc(C2=C(c3cncc(Cl)c3)C(=O)CC2)cc1
34,C[S](=O)(=O)C1=CC=C(C=C1)C2=C(C(=O)CC2)C3=NC=C(Cl)C=C3,1,0,0,0,0,0,0,<rdkit.Chem.rdchem.Mol object at 0x000001E91DA79E80>,CS(=O)(=O)c1ccc(C2=C(c3ccc(Cl)cn3)C(=O)CC2)cc1
35,C[S](=O)(=O)C1=CC=C(C=C1)C(CO)=C(CO)C2=CC(=C(F)C=C2)F,1,0,0,0,0,0,0,<rdkit.Chem.rdchem.Mol object at 0x000001E91DA79EE0>,CS(=O)(=O)c1ccc(C(CO)=C(CO)c2ccc(F)c(F)c2)cc1
36,COC(=O)C(=C(C)C1=CC=C(C=C1)[S](C)(=O)=O)C2=CC=CC=C2,1,0,0,0,0,0,0,<rdkit.Chem.rdchem.Mol object at 0x000001E91DA79F40>,COC(=O)C(=C(C)c1ccc(S(C)(=O)=O)cc1)c1ccccc1
37,CN(C)C(=O)C(=C(C)C1=CC=C(C=C1)[S](C)(=O)=O)C2=CC=CC=C2,1,0,0,0,0,0,0,<rdkit.Chem.rdchem.Mol object at 0x000001E91DA79FA0>,CC(=C(C(=O)N(C)C)c1ccccc1)c1ccc(S(C)(=O)=O)cc1
38,CCOC(=O)C(CCO)=C(C1=CC=C(F)C=C1)C2=CC=C(C=C2)[S](C)(=O)=O,1,0,0,0,0,0,0,<rdkit.Chem.rdchem.Mol object at 0x000001E91DA7A040>,CCOC(=O)C(CCO)=C(c1ccc(F)cc1)c1ccc(S(C)(=O)=O)cc1
39,C[S](=O)(=O)C1=CC=C(C=C1)C(=C2CCCC2)C3=CC=C(F)C=C3,1,0,0,0,0,0,0,<rdkit.Chem.rdchem.Mol object at 0x000001E91DA7A0A0>,CS(=O)(=O)c1ccc(C(=C2CCCC2)c2ccc(F)cc2)cc1
40,N[S](=O)(=O)C1=CC=C(C=C1)C(=C2CCOC2=O)C3=CC=C(Cl)C=C3,1,0,0,0,0,0,0,<rdkit.Chem.rdchem.Mol object at 0x000001E91DA7A100>,NS(=O)(=O)c1ccc(C(=C2CCOC2=O)c2ccc(Cl)cc2)cc1
41,CC1(C)CC(C(=O)O1)=C(C2=CC=C(F)C=C2)C3=CC=C(C=C3)[S](C)(=O)=O,1,0,0,0,0,0,0,<rdkit.Chem.rdchem.Mol object at 0x000001E91DA7A160>,CC1(C)CC(=C(c2ccc(F)cc2)c2ccc(S(C)(=O)=O)cc2)C(=O)O1
42,C[S](=O)(=O)C1=CC=C(C=C1)C2=C(OC3=CC=CC=C3)C=CC(=C2)C#N,1,0,0,0,0,0,0,<rdkit.Chem.rdchem.Mol object at 0x000001E91DA7A1C0>,CS(=O)(=O)c1ccc(-c2cc(C#N)ccc2Oc2ccccc2)cc1
43,CCC1OC(=O)C(=C1C2=CC=C(C=C2)[S](C)(=O)=O)SC3=CC=CC=C3,1,0,0,0,0,0,0,<rdkit.Chem.rdchem.Mol object at 0x000001E91DA7A220>,CCC1OC(=O)C(Sc2ccccc2)=C1c1ccc(S(C)(=O)=O)cc1
44,CCC1OC(=O)C(=C1C2=CC=C(C=C2)[S](C)(=O)=O)C(=O)C3=CC=CC=C3,1,0,0,0,0,0,0,<rdkit.Chem.rdchem.Mol object at 0x000001E91DA7A280>,CCC1OC(=O)C(C(=O)c2ccccc2)=C1c1ccc(S(C)(=O)=O)cc1
45,CCC1OC(=O)C(=C1C2=CC=C(C=C2)[S](C)(=O)=O)OC(C)CBr,1,0,0,0,0,0,0,<rdkit.Chem.rdchem.Mol object at 0x000001E91DA7A2E0>,CCC1OC(=O)C(OC(C)CBr)=C1c1ccc(S(C)(=O)=O)cc1
46,C[S](=O)(=O)C1=CC=C(C=C1)C2=C(OC3=CC=C(F)C=C3)C(=O)NN=C2,1,0,0,0,0,0,0,<rdkit.Chem.rdchem.Mol object at 0x000001E91DA7A340>,CS(=O)(=O)c1ccc(-c2cn[nH]c(=O)c2Oc2ccc(F)cc2)cc1
47,CN(O)C(=O)CC1=NC(=C(O1)C2=CC=C(C=C2)[S](C)(=O)=O)C3=CC=C(F)C=C3,1,0,0,0,0,0,0,<rdkit.Chem.rdchem.Mol object at 0x000001E91DA7A3A0>,CN(O)C(=O)Cc1nc(-c2ccc(F)cc2)c(-c2ccc(S(C)(=O)=O)cc2)o1
48,COC1(CCOCC1)C2=C(F)C=C(OCC3=NC(=C(O3)C4=CC=C(C=C4)[S](C)(=O)=O)C5=CC=C(F)C=C5)C=C2,1,0,0,0,0,0,0,<rdkit.Chem.rdchem.Mol object at 0x000001E91DA7A400>,COC1(c2ccc(OCc3nc(-c4ccc(F)cc4)c(-c4ccc(S(C)(=O)=O)cc4)o3)cc2F)CCOCC1
49,COC1(CCOCC1)C2=C(F)C=C(OCC3=N[N](C4=CC=C(C=C4)[S](C)(=O)=O)C(=C3)C5=CC=C(Cl)C=C5)C=C2,1,0,0,0,0,0,0,<rdkit.Chem.rdchem.Mol object at 0x000001E91DA7A460>,COC1(c2ccc(OCc3cc(-c4ccc(Cl)cc4)n(-c4ccc(S(C)(=O)=O)cc4)n3)cc2F)CCOCC1
50,COC1=CC(=CC=C1)SCC2=N[N](C3=CC=C(C=C3)[S](C)(=O)=O)C(=C2)C4=CC=C(Cl)C=C4,1,0,0,0,0,0,0,<rdkit.Chem.rdchem.Mol object at 0x000001E91DA7A4C0>,COc1cccc(SCc2cc(-c3ccc(Cl)cc3)n(-c3ccc(S(C)(=O)=O)cc3)n2)c1
51,C[S](=O)(=O)C1=CC=C(C=C1)C2=C(N=C3SC=C[N]23)C4=CC=CC=C4,1,0,0,0,0,0,0,<rdkit.Chem.rdchem.Mol object at 0x000001E91DA7A520>,CS(=O)(=O)c1ccc(-c2c(-c3ccccc3)nc3sccn23)cc1
52,C[S](=O)(=O)C1=CC=C(C=C1)C2=C(SC3=NC=N[N]23)C4=CC=CC=C4,1,0,0,0,0,0,0,<rdkit.Chem.rdchem.Mol object at 0x000001E91DA7A580>,CS(=O)(=O)c1ccc(-c2c(-c3ccccc3)sc3ncnn23)cc1
53,C[S](=O)(=O)C1=CC=C(C=C1)C2=CC3=C(C=CC=C3)[N]2C4=CC=CC=C4,1,0,0,0,0,0,0,<rdkit.Chem.rdchem.Mol object at 0x000001E91DA7A5E0>,CS(=O)(=O)c1ccc(-c2cc3ccccc3n2-c2ccccc2)cc1
54,COC1=CC2=CC=C3C(=N[N](C4=CC=C(C=C4)[S](C)(=O)=O)C3=C2C=C1)C(F)F,1,0,0,0,0,0,0,<rdkit.Chem.rdchem.Mol object at 0x000001E91DA7A640>,COc1ccc2c(ccc3c(C(F)F)nn(-c4ccc(S(C)(=O)=O)cc4)c32)c1
55,COC1=CC2=C(C=C1)[N](C(=C2CC(O)=O)C)C(=O)C3=CC=C(Cl)C=C3,1,0,0,0,0,0,0,<rdkit.Chem.rdchem.Mol object at 0x000001E91DA7A6A0>,COc1ccc2c(c1)c(CC(=O)O)c(C)n2C(=O)c1ccc(Cl)cc1
56,COC1=CC2=C(C=C1)[N](C(=C2CC(O)=O)C)C(=O)C3=C(Cl)C=C(Cl)C=C3Cl,1,0,0,0,0,0,0,<rdkit.Chem.rdchem.Mol object at 0x000001E91DA7A700>,COc1ccc2c(c1)c(CC(=O)O)c(C)n2C(=O)c1c(Cl)cc(Cl)cc1Cl
57,COC1=CC2=C(C=C1)[N](CC3=CC=C(Br)C=C3)C(=C2CC(O)=O)C,1,0,0,0,0,0,0,<rdkit.Chem.rdchem.Mol object at 0x000001E91DA7A760>,COc1ccc2c(c1)c(CC(=O)O)c(C)n2Cc1ccc(Br)cc1
58,CC(C(O)=O)C1=C(C)[N](CC2=CC=C(Br)C=C2)C3=C1C=C(Br)C=C3,1,0,0,0,0,0,0,<rdkit.Chem.rdchem.Mol object at 0x000001E91DA7A7C0>,Cc1c(C(C)C(=O)O)c2cc(Br)ccc2n1Cc1ccc(Br)cc1
59,CC(C(O)=O)C1=C(C)[N](CC2=CC=C(Br)C=C2)C3=C1C=C(Br)C=C3,1,0,0,0,0,0,0,<rdkit.Chem.rdchem.Mol object at 0x000001E91DA7A820>,Cc1c(C(C)C(=O)O)c2cc(Br)ccc2n1Cc1ccc(Br)cc1
60,COC1=CC2=C(C=C1)[N](CC3=CC=C(Br)C=C3)C(=C2CC4(CC4)CC(O)=O)C,1,0,0,0,0,0,0,<rdkit.Chem.rdchem.Mol object at 0x000001E91DA7A880>,COc1ccc2c(c1)c(CC1(CC(=O)O)CC1)c(C)n2Cc1ccc(Br)cc1
61,COC1=CC2=C(C=C1)[N](C(=C2CC3=NC(=CS3)C4=CC=C(Br)C=C4)C)C(=O)C5=CC=C(Cl)C=C5,1,0,0,0,0,0,0,<rdkit.Chem.rdchem.Mol object at 0x000001E91DA7A8E0>,COc1ccc2c(c1)c(Cc1nc(-c3ccc(Br)cc3)cs1)c(C)n2C(=O)c1ccc(Cl)cc1
62,CC1=C(C(=O)C2=CC=CC=C2)C3=CC=CC=CC3=C1CC(O)=O,1,0,0,0,0,0,0,<rdkit.Chem.rdchem.Mol object at 0x000001E91DA7A940>,Cc1c(CC(=O)O)c2cccccc-2c1C(=O)c1ccccc1
63,CSC1=CC=C(C=C1)C=C2C(=C(CC(O)=O)C3=C2C=CC(=C3)F)C,1,0,0,0,0,0,0,<rdkit.Chem.rdchem.Mol object at 0x000001E91DA7A9A0>,CSc1ccc(C=C2C(C)=C(CC(=O)O)c3cc(F)ccc32)cc1
64,CSC1=CC=C(C=C1)C=C2C(=C(CC(=O)C3=C(O)COC3=O)C4=C2C=CC(=C4)F)C,1,0,0,0,0,0,0,<rdkit.Chem.rdchem.Mol object at 0x000001E91DA7AA00>,CSc1ccc(C=C2C(C)=C(CC(=O)C3=C(O)COC3=O)c3cc(F)ccc32)cc1
65,C[N]1C(=CC(=C1C(=O)C2=CC=C(Cl)C=C2)C)CC(O)=O,1,0,0,0,0,0,0,<rdkit.Chem.rdchem.Mol object at 0x000001E91DA7AA60>,Cc1cc(CC(=O)O)n(C)c1C(=O)c1ccc(Cl)cc1
66,C[N]1C(=CC(=C1C(=O)C2=CC=C(Cl)C=C2)C)CC3=NNC(=O)C=C3,1,0,0,0,0,0,0,<rdkit.Chem.rdchem.Mol object at 0x000001E91DA7AAC0>,Cc1cc(Cc2ccc(=O)[nH]n2)n(C)c1C(=O)c1ccc(Cl)cc1
67,OC(=O)CC1=C(NC2=C(Cl)C=C(O)C=C2Cl)C=CC=C1,1,0,0,0,0,0,0,<rdkit.Chem.rdchem.Mol object at 0x000001E91DA7AB20>,O=C(O)Cc1ccccc1Nc1c(Cl)cc(O)cc1Cl
68,CC1=CC(=C(NC2=C(F)C(=CC(=C2F)F)F)C=C1)CC(O)=O,1,0,0,0,0,0,0,<rdkit.Chem.rdchem.Mol object at 0x000001E91DA7AB80>,Cc1ccc(Nc2c(F)c(F)cc(F)c2F)c(CC(=O)O)c1
69,CCC1=C2[NH]C3=C(CCOC3(CC)CC(O)=O)C2=CC=C1,1,0,0,0,0,0,0,<rdkit.Chem.rdchem.Mol object at 0x000001E91DA7ABE0>,CCc1cccc2c3c([nH]c12)C(CC)(CC(=O)O)OCC3
70,CCC1=C2[NH]C3=C(C(=O)COC3(CC)CC(O)=O)C2=CC=C1,1,0,0,0,0,0,0,<rdkit.Chem.rdchem.Mol object at 0x000001E91DA7AC40>,CCc1cccc2c3c([nH]c12)C(CC)(CC(=O)O)OCC3=O
71,CCC1=C2[NH]C3=C(C(=O)CCC3(CC)CC(O)=O)C2=CC=C1,1,0,0,0,0,0,0,<rdkit.Chem.rdchem.Mol object at 0x000001E91DA7ACA0>,CCc1cccc2c3c([nH]c12)C(CC)(CC(=O)O)CCC3=O
72,CC(C(O)=O)C1=CC(=C(C=C1)C2=CC=CC=C2)F,1,0,0,0,0,0,0,<rdkit.Chem.rdchem.Mol object at 0x000001E91DA7AD00>,CC(C(=O)O)c1ccc(-c2ccccc2)c(F)c1
73,CCOC1=CC(=CC(=C1)OCC)C2=C(F)C=C(C=C2)C(C)C(O)=O,1,0,0,0,0,0,0,<rdkit.Chem.rdchem.Mol object at 0x000001E91DA7AD60>,CCOc1cc(OCC)cc(-c2ccc(C(C)C(=O)O)cc2F)c1
74,CN1C(=C(O)C2=C(C=CC=C2)[S]1(=O)=O)C(=O)NC3=NC=C(C)S3,1,0,0,0,0,0,0,<rdkit.Chem.rdchem.Mol object at 0x000001E91DA7ADC0>,Cc1cnc(NC(=O)C2=C(O)c3ccccc3S(=O)(=O)N2C)s1
75,CC(C)[S](=O)(=O)C1C(=O)N(CC2=CC=CC=C2)C(=O)C3=C1C=CC(=C3)Cl,1,0,0,0,0,0,0,<rdkit.Chem.rdchem.Mol object at 0x000001E91DA7AE20>,CC(C)S(=O)(=O)C1C(=O)N(Cc2ccccc2)C(=O)c2cc(Cl)ccc21
76,CC(C)[S](=O)(=O)C1=C(O)N(CC2=CC=CC=C2)C(=O)C3=CC(=CC=C13)Cl,1,0,0,0,0,0,0,<rdkit.Chem.rdchem.Mol object at 0x000001E91DA7AE80>,CC(C)S(=O)(=O)c1c(O)n(Cc2ccccc2)c(=O)c2cc(Cl)ccc12
77,CCSC1=NN=C(S1)C2=CC(=C(O)C(=C2)C(C)(C)C)C(C)(C)C,1,0,0,0,0,0,0,<rdkit.Chem.rdchem.Mol object at 0x000001E91DA7AEE0>,CCSc1nnc(-c2cc(C(C)(C)C)c(O)c(C(C)(C)C)c2)s1
78,CCC1COC2=C(C=C(C=C12)C(=O)CCCC#C)C(C)(C)C,1,0,0,0,0,0,0,<rdkit.Chem.rdchem.Mol object at 0x000001E91DA7AF40>,C#CCCCC(=O)c1cc2c(c(C(C)(C)C)c1)OCC2CC
79,CCC1COC2=C(C=C(C=C12)C(=O)CCCC3CC3)C(C)(C)C,1,0,0,0,0,0,0,<rdkit.Chem.rdchem.Mol object at 0x000001E91DA7AFA0>,CCC1COc2c1cc(C(=O)CCCC1CC1)cc2C(C)(C)C
80,CCCC(=O)C1=CC(=C2OCC(CC)C2=C1)C(C)(C)C,1,0,0,0,0,0,0,<rdkit.Chem.rdchem.Mol object at 0x000001E91DA7B040>,CCCC(=O)c1cc2c(c(C(C)(C)C)c1)OCC2CC
81,CCCC1=CC2=C(N=CC(=C2)[S](C)(=O)=O)[N]1CC3CCCCC3,1,0,0,0,0,0,0,<rdkit.Chem.rdchem.Mol object at 0x000001E91DA7B0A0>,CCCc1cc2cc(S(C)(=O)=O)cnc2n1CC1CCCCC1
82,CCCCC1=CC2=C(N=CC(=N2)[S](C)(=O)=O)[N]1CC3=CC=C(F)C=C3,1,0,0,0,0,0,0,<rdkit.Chem.rdchem.Mol object at 0x000001E91DA7B100>,CCCCc1cc2nc(S(C)(=O)=O)cnc2n1Cc1ccc(F)cc1
83,CCCC1=CC2=C(C=CC(=C2)[S](C)(=O)=O)C1=CC3=CC=C(F)C=C3,1,0,0,0,0,0,0,<rdkit.Chem.rdchem.Mol object at 0x000001E91DA7B160>,CCCC1=Cc2cc(S(C)(=O)=O)ccc2C1=Cc1ccc(F)cc1
84,CCCC1=CC2=C(C=CC(=C2)[S](C)(=O)=O)C1=CC3=CC=C(F)C=C3,1,0,0,0,0,0,0,<rdkit.Chem.rdchem.Mol object at 0x000001E91DA7B1C0>,CCCC1=Cc2cc(S(C)(=O)=O)ccc2C1=Cc1ccc(F)cc1
85,O=[N](=O)C1=CC2=C(C=C1)[N](C3=CC=CC=C3)C(=N2)C=CC4=CC=CC=C4,1,0,0,0,0,0,0,<rdkit.Chem.rdchem.Mol object at 0x000001E91DA7B220>,O=[N+]([O-])c1ccc2c(c1)nc(C=Cc1ccccc1)n2-c1ccccc1
86,NC(=O)N1C(=O)C(=C(O)C2=CC=CS2)C3=C1C=CC(=C3)C4=CC=CO4,1,0,0,0,0,0,0,<rdkit.Chem.rdchem.Mol object at 0x000001E91DA7B280>,NC(=O)N1C(=O)C(=C(O)c2cccs2)c2cc(-c3ccco3)ccc21
87,C[S](=O)(=O)NC1=CC=C(OC2=CC=C(F)C=C2)S1,1,0,0,0,0,0,0,<rdkit.Chem.rdchem.Mol object at 0x000001E91DA7B2E0>,CS(=O)(=O)Nc1ccc(Oc2ccc(F)cc2)s1
88,COC1=CC=C(C=C1)C(=O)C2=C(C)C(=CC=C2)CC3=NNC(=O)C=C3,1,0,0,0,0,0,0,<rdkit.Chem.rdchem.Mol object at 0x000001E91DA7B340>,COc1ccc(C(=O)c2cccc(Cc3ccc(=O)[nH]n3)c2C)cc1
89,C[S](=O)(=O)C1=CC2=CC=C(C#N)C(=C2C=C1)C(=O)C3=CC=C(F)C=C3,1,0,0,0,0,0,0,<rdkit.Chem.rdchem.Mol object at 0x000001E91DA7B3A0>,CS(=O)(=O)c1ccc2c(C(=O)c3ccc(F)cc3)c(C#N)ccc2c1
90,CSC1=CC2=C(OC(C(=C2)C(O)=O)C(F)(F)F)C=C1,1,0,0,0,0,0,0,<rdkit.Chem.rdchem.Mol object at 0x000001E91DA7B400>,CSc1ccc2c(c1)C=C(C(=O)O)C(C(F)(F)F)O2
91,CCC1=C(Cl)C=C2C=C(C(OC2=C1)C(F)(F)F)C(O)=O,1,0,0,0,0,0,0,<rdkit.Chem.rdchem.Mol object at 0x000001E91DA7B460>,CCc1cc2c(cc1Cl)C=C(C(=O)O)C(C(F)(F)F)O2
92,CCC1=C(Cl)C=C2C=C(C(OC2=C1)C(F)(F)F)C(O)=O,1,0,0,0,0,0,0,<rdkit.Chem.rdchem.Mol object at 0x000001E91DA7B4C0>,CCc1cc2c(cc1Cl)C=C(C(=O)O)C(C(F)(F)F)O2
93,CC1(C)C(=O)C(=C1C2=CC=C(C=C2)[S](C)(=O)=O)C3=CC=CC=C3,1,0,0,0,0,0,0,<rdkit.Chem.rdchem.Mol object at 0x000001E91DA7B520>,CC1(C)C(=O)C(c2ccccc2)=C1c1ccc(S(C)(=O)=O)cc1
94,CC1(C)C(=O)C(=C1C2=CC=CC=C2)C3=CC=C(C=C3)[S](C)(=O)=O,1,0,0,0,0,0,0,<rdkit.Chem.rdchem.Mol object at 0x000001E91DA7B580>,CC1(C)C(=O)C(c2ccc(S(C)(=O)=O)cc2)=C1c1ccccc1
95,C[S](=O)(=O)C1=CC=C(C=C1)C2=C(SC(=C2)Br)C3=CC=C(F)C=C3,1,0,0,0,0,0,0,<rdkit.Chem.rdchem.Mol object at 0x000001E91DA7B5E0>,CS(=O)(=O)c1ccc(-c2cc(Br)sc2-c2ccc(F)cc2)cc1
96,CC1=NC=C(C=C1)C2=C(C=C(Cl)C=N2)C3=CC=C(C=C3)[S](N)(=O)=O,1,0,0,0,0,0,0,<rdkit.Chem.rdchem.Mol object at 0x000001E91DA7B640>,Cc1ccc(-c2ncc(Cl)cc2-c2ccc(S(N)(=O)=O)cc2)cn1
97,C[S](=O)(=O)C1=CC=C(C=C1)C2=C(N=CC(=C2)Cl)C3=CN=C(C=C3)C4CC4,1,0,0,0,0,0,0,<rdkit.Chem.rdchem.Mol object at 0x000001E91DA7B6A0>,CS(=O)(=O)c1ccc(-c2cc(Cl)cnc2-c2ccc(C3CC3)nc2)cc1
98,CC1=NC=C(C=C1)C2=C(C=C(Cl)C=N2)C3=CC=C(C=C3)[S](C)(=O)=O,1,0,0,0,0,0,0,<rdkit.Chem.rdchem.Mol object at 0x000001E91DA7B700>,Cc1ccc(-c2ncc(Cl)cc2-c2ccc(S(C)(=O)=O)cc2)cn1
99,CC1=CC(=CN=C1)C2=C(C=C(Cl)C=N2)C3=CC=C(C=C3)[S](C)(=O)=O,1,0,0,0,0,0,0,<rdkit.Chem.rdchem.Mol object at 0x000001E91DA7B760>,Cc1cncc(-c2ncc(Cl)cc2-c2ccc(S(C)(=O)=O)cc2)c1
100,CC1=C(C=NC=C1)C2=C(C=C(Cl)C=N2)C3=CC=C(C=C3)[S](C)(=O)=O,1,0,0,0,0,0,0,<rdkit.Chem.rdchem.Mol object at 0x000001E91DA7B7C0>,Cc1ccncc1-c1ncc(Cl)cc1-c1ccc(S(C)(=O)=O)cc1
101,CC1=C(C=CC=N1)C2=C(C=C(Cl)C=N2)C3=CC=C(C=C3)[S](C)(=O)=O,1,0,0,0,0,0,0,<rdkit.Chem.rdchem.Mol object at 0x000001E91DA7B820>,Cc1ncccc1-c1ncc(Cl)cc1-c1ccc(S(C)(=O)=O)cc1
102,C[S](=O)(=O)C1=CC=C(C=C1)C2=C(C(=C)C2)C3=CC=CC=C3,1,0,0,0,0,0,0,<rdkit.Chem.rdchem.Mol object at 0x000001E91DA7B880>,C=C1CC(c2ccc(S(C)(=O)=O)cc2)=C1c1ccccc1
103,CCC1C(O)C(=C1C2=CC=C(C=C2)[S](C)(=O)=O)C3=CC=CC=C3,1,0,0,0,0,0,0,<rdkit.Chem.rdchem.Mol object at 0x000001E91DA7B8E0>,CCC1C(c2ccc(S(C)(=O)=O)cc2)=C(c2ccccc2)C1O
104,C[S](=O)(=O)C1=CC=C(C=C1)C2=C(C(=O)C23CCCC3)C4=CC=CC=C4,1,0,0,0,0,0,0,<rdkit.Chem.rdchem.Mol object at 0x000001E91DA7B940>,CS(=O)(=O)c1ccc(C2=C(c3ccccc3)C(=O)C23CCCC3)cc1
105,C[S](=O)(=O)C1=CC=C(C=C1)C2=C(CC3(CC3)C2)C4=CC=C(F)C=C4,1,0,0,0,0,0,0,<rdkit.Chem.rdchem.Mol object at 0x000001E91DA7B9A0>,CS(=O)(=O)c1ccc(C2=C(c3ccc(F)cc3)CC3(CC3)C2)cc1
106,C[S](=O)(=O)NC1=C(SC2=C(Cl)C=C(Cl)C=N2)C=C3C(=O)CCC3=C1,1,0,0,0,0,0,0,<rdkit.Chem.rdchem.Mol object at 0x000001E91DA7BA00>,CS(=O)(=O)Nc1cc2c(cc1Sc1ncc(Cl)cc1Cl)C(=O)CC2
107,CCC1=CSC(=N1)SC2=C(N[S](C)(=O)=O)C=C3CCC(=O)C3=C2,1,0,0,0,0,0,0,<rdkit.Chem.rdchem.Mol object at 0x000001E91DA7BA60>,CCc1csc(Sc2cc3c(cc2NS(C)(=O)=O)CCC3=O)n1
108,CCC1=CSC(=N1)SC2=C(N[S](C)(=O)=O)C=C3COC(=O)C3=C2,1,0,0,0,0,0,0,<rdkit.Chem.rdchem.Mol object at 0x000001E91DA7BAC0>,CCc1csc(Sc2cc3c(cc2NS(C)(=O)=O)COC3=O)n1
109,CC(C)OC1=C(C2=CC=C(C=C2)[S](C)(=O)=O)C(C)(C)OC1=O,1,0,0,0,0,0,0,<rdkit.Chem.rdchem.Mol object at 0x000001E91DA7BB20>,CC(C)OC1=C(c2ccc(S(C)(=O)=O)cc2)C(C)(C)OC1=O
110,C[S](=O)(=O)C1=CC=C(C=C1)C2=C(N=C3SC=C[N]23)C4=CC=C(F)C=C4,1,0,0,0,0,0,0,<rdkit.Chem.rdchem.Mol object at 0x000001E91DA7BB80>,CS(=O)(=O)c1ccc(-c2c(-c3ccc(F)cc3)nc3sccn23)cc1
111,CC1=C[N]2C(=NC(=C2C3=CC=C(C=C3)[S](C)(=O)=O)C4=CC=CC=C4)S1,1,0,0,0,0,0,0,<rdkit.Chem.rdchem.Mol object at 0x000001E91DA7BBE0>,Cc1cn2c(-c3ccc(S(C)(=O)=O)cc3)c(-c3ccccc3)nc2s1
112,CC1=CSC2=NC(=C([N]12)C3=CC=C(C=C3)[S](C)(=O)=O)C4=CC=CC=C4,1,0,0,0,0,0,0,<rdkit.Chem.rdchem.Mol object at 0x000001E91DA7BC40>,Cc1csc2nc(-c3ccccc3)c(-c3ccc(S(C)(=O)=O)cc3)n12
113,CSC1=CC=C(C=C1)C2=C(N=C3SC=C[N]23)C4=CC=CC=C4,1,0,0,0,0,0,0,<rdkit.Chem.rdchem.Mol object at 0x000001E91DA7BCA0>,CSc1ccc(-c2c(-c3ccccc3)nc3sccn23)cc1
114,CC1=C[N]2C(=NC(=C2C3=CC=CC=C3)C4=CC=C(C=C4)[S](C)(=O)=O)S1,1,0,0,0,0,0,0,<rdkit.Chem.rdchem.Mol object at 0x000001E91DA7BD00>,Cc1cn2c(-c3ccccc3)c(-c3ccc(S(C)(=O)=O)cc3)nc2s1
115,C[S](=O)(=O)C1=CC=C(C=C1)C2=C([N]3C=CSC3=N2)C4=CC=CC=C4,1,0,0,0,0,0,0,<rdkit.Chem.rdchem.Mol object at 0x000001E91DA7BD60>,CS(=O)(=O)c1ccc(-c2nc3sccn3c2-c2ccccc2)cc1
116,C[S](=O)(=O)C1=CC=C(C=C1)C2=C(N=C(CC3=CC=CC=C3)S2)C4=CC=C(F)C=C4,1,0,0,0,0,0,0,<rdkit.Chem.rdchem.Mol object at 0x000001E91DA7BDC0>,CS(=O)(=O)c1ccc(-c2sc(Cc3ccccc3)nc2-c2ccc(F)cc2)cc1
117,COC1=CC=C(C=C1)C2=NC(=C(S2)C3=CC=C(C=C3)[S](C)(=O)=O)C4=CC=C(F)C=C4,1,0,0,0,0,0,0,<rdkit.Chem.rdchem.Mol object at 0x000001E91DA7BE20>,COc1ccc(-c2nc(-c3ccc(F)cc3)c(-c3ccc(S(C)(=O)=O)cc3)s2)cc1
118,C[S](=O)(=O)C1=CC=C(C=C1)C2=C(N=C(S2)C3=C(Cl)C=CC=C3)C4=CC=C(F)C=C4,1,0,0,0,0,0,0,<rdkit.Chem.rdchem.Mol object at 0x000001E91DA7BE80>,CS(=O)(=O)c1ccc(-c2sc(-c3ccccc3Cl)nc2-c2ccc(F)cc2)cc1
119,C[S](=O)(=O)C1=CC=C(C=C1)C2=C(C=C3C=CC=CC3=C2)C4=CC=CC=C4,1,0,0,0,0,0,0,<rdkit.Chem.rdchem.Mol object at 0x000001E91DA7BEE0>,CS(=O)(=O)c1ccc(-c2cc3ccccc3cc2-c2ccccc2)cc1
120,CC(C)(C)C1=C(O)C(=CC(=C1)C=C2NC(=NC2=O)N)C(C)(C)C,1,0,0,0,0,0,0,<rdkit.Chem.rdchem.Mol object at 0x000001E91DA7BF40>,CC(C)(C)c1cc(C=C2NC(N)=NC2=O)cc(C(C)(C)C)c1O
122,C[S](=O)(=O)C1=CC=C(C=C1)C2=C(C(=O)CC2)C3=CC(=CC(=C3)F)F,1,0,0,0,0,0,0,<rdkit.Chem.rdchem.Mol object at 0x000001E91DA7BFA0>,CS(=O)(=O)c1ccc(C2=C(c3cc(F)cc(F)c3)C(=O)CC2)cc1
123,C[S](=O)(=O)C1=CC=C(C=C1)C2=C(C(=O)CC2)C3=CN=CC=C3,1,0,0,0,0,0,0,<rdkit.Chem.rdchem.Mol object at 0x000001E91DA7C040>,CS(=O)(=O)c1ccc(C2=C(c3cccnc3)C(=O)CC2)cc1
124,C[S](=O)(=O)C1=CC=C(C=C1)C2=C(OC3=CC=CC=C3)C(=O)CC2,1,0,0,0,0,0,0,<rdkit.Chem.rdchem.Mol object at 0x000001E91DA7C0A0>,CS(=O)(=O)c1ccc(C2=C(Oc3ccccc3)C(=O)CC2)cc1
125,C[S](=O)(=O)C1=CC=C(C=C1)C2=C(C(=O)OC2)C3=CC=CC=C3,1,0,0,0,0,0,0,<rdkit.Chem.rdchem.Mol object at 0x000001E91DA7C100>,CS(=O)(=O)c1ccc(C2=C(c3ccccc3)C(=O)OC2)cc1
126,CC1=CC=C(C=C1)[N]2N=C(C=C2C3=CC=C(C=C3)[S](N)(=O)=O)C(F)(F)F,1,0,0,0,0,0,0,<rdkit.Chem.rdchem.Mol object at 0x000001E91DA7C160>,Cc1ccc(-n2nc(C(F)(F)F)cc2-c2ccc(S(N)(=O)=O)cc2)cc1
127,CC1(C)OC(=O)C(=C1C2=CC=C(C=C2)[S](C)(=O)=O)OC3=CC4=C([NH]C=C4)C=C3,1,0,0,0,0,0,0,<rdkit.Chem.rdchem.Mol object at 0x000001E91DA7C1C0>,CC1(C)OC(=O)C(Oc2ccc3[nH]ccc3c2)=C1c1ccc(S(C)(=O)=O)cc1
128,CC12CCC3C(CCC4=C3C=CC(=C4)O)C1CCC2O,0,1,0,0,0,0,0,<rdkit.Chem.rdchem.Mol object at 0x000001E91DA7C220>,CC12CCC3c4ccc(O)cc4CCC3C1CCC2O
129,CCC(C1=CC=C(O)C=C1)=C(CC)C2=CC=C(O)C=C2,0,1,0,0,0,0,0,<rdkit.Chem.rdchem.Mol object at 0x000001E91DA7C280>,CCC(=C(CC)c1ccc(O)cc1)c1ccc(O)cc1
130,CC12CCC3C(CCC4=C3C=CC(=C4)O)C1CCC2=O,0,1,0,0,0,0,0,<rdkit.Chem.rdchem.Mol object at 0x000001E91DA7C2E0>,CC12CCC3c4ccc(O)cc4CCC3C1CCC2=O
131,CCC(C(CC)C1=CC=C(O)C=C1)C2=CC=C(O)C=C2,0,1,0,0,0,0,0,<rdkit.Chem.rdchem.Mol object at 0x000001E91DA7C340>,CCC(c1ccc(O)cc1)C(CC)c1ccc(O)cc1
132,OC1=CC=C(C=C1)C2=COC3=C(C=CC(=C3)O)C2=O,0,1,0,0,0,0,0,<rdkit.Chem.rdchem.Mol object at 0x000001E91DA7C3A0>,O=c1c(-c2ccc(O)cc2)coc2cc(O)ccc12
133,OC1=CC=C2C(=C1)OC(=O)C3=C2OC4=C3C=CC(=C4)O,0,1,0,0,0,0,0,<rdkit.Chem.rdchem.Mol object at 0x000001E91DA7C400>,O=c1oc2cc(O)ccc2c2oc3cc(O)ccc3c12
134,OC1=CC2=C(C=C1)C3CCC4=C(C=CC(=C4)O)C3CC2,0,1,0,0,0,0,0,<rdkit.Chem.rdchem.Mol object at 0x000001E91DA7C460>,Oc1ccc2c(c1)CCC1c3ccc(O)cc3CCC21
135,CC12CCC3C(CCC4=C3C=CC(=C4)O)C1CCC2O,0,1,0,0,0,0,0,<rdkit.Chem.rdchem.Mol object at 0x000001E91DA7C4C0>,CC12CCC3c4ccc(O)cc4CCC3C1CCC2O
136,CC12CCC3C(CCC4=C3C=CC(=C4)O)C1CCC2CO,0,1,0,0,0,0,0,<rdkit.Chem.rdchem.Mol object at 0x000001E91DA7C520>,CC12CCC3c4ccc(O)cc4CCC3C1CCC2CO
137,CC12CCC3C(CCC4=C3C=CC(=C4)O)C1CC(O)C2O,0,1,0,0,0,0,0,<rdkit.Chem.rdchem.Mol object at 0x000001E91DA7C580>,CC12CCC3c4ccc(O)cc4CCC3C1CC(O)C2O
138,CC1=C(O)C=C2CCC3C(CCC4(C)C(O)CCC34)C2=C1,0,1,0,0,0,0,0,<rdkit.Chem.rdchem.Mol object at 0x000001E91DA7C5E0>,Cc1cc2c(cc1O)CCC1C2CCC2(C)C(O)CCC12
139,CC1CC2=C(C=CC(=C2)O)C3CCC4(C)C(O)CCC4C13,0,1,0,0,0,0,0,<rdkit.Chem.rdchem.Mol object at 0x000001E91DA7C640>,CC1Cc2cc(O)ccc2C2CCC3(C)C(O)CCC3C12
140,CC12CCC3(C)C(CCC4=C3C=CC(=C4)O)C1CCC2O,0,1,0,0,0,0,0,<rdkit.Chem.rdchem.Mol object at 0x000001E91DA7C6A0>,CC12CCC3(C)C(O)CCC3C1CCc1cc(O)ccc12
141,CC12CCC3C(CCC4=C3C=CC(=C4)O)C1CCC2(O)C#C,0,1,0,0,0,0,0,<rdkit.Chem.rdchem.Mol object at 0x000001E91DA7C700>,C#CC1(O)CCC2C3CCc4cc(O)ccc4C3CCC21C
142,CC1CC2C(CCC3=C2C=CC(=C3)O)C4CCC(O)(C#C)C14C,0,1,0,0,0,0,0,<rdkit.Chem.rdchem.Mol object at 0x000001E91DA7C760>,C#CC1(O)CCC2C3CCc4cc(O)ccc4C3CC(C)C21C
143,COC1CC2(C)C(CCC2(O)C#C)C3CCC4=C(C=CC(=C4)O)C13,0,1,0,0,0,0,0,<rdkit.Chem.rdchem.Mol object at 0x000001E91DA7C7C0>,C#CC1(O)CCC2C3CCc4cc(O)ccc4C3C(OC)CC21C
144,CC12CCC3C(CCC4=C3C=CC(=C4)O)C15CCC(C5)C2O,0,1,0,0,0,0,0,<rdkit.Chem.rdchem.Mol object at 0x000001E91DA7C820>,CC12CCC3c4ccc(O)cc4CCC3C13CCC(C3)C2O
145,CC12CCC3C(CCC4=C3C=CC(=C4)O)C1CCCC2O,0,1,0,0,0,0,0,<rdkit.Chem.rdchem.Mol object at 0x000001E91DA7C880>,CC12CCC3c4ccc(O)cc4CCC3C1CCCC2O
146,CC12CCC3C(=CCC4=C3C=CC(=C4)O)C1CCC2=O,0,1,0,0,0,0,0,<rdkit.Chem.rdchem.Mol object at 0x000001E91DA7C8E0>,CC12CCC3C(=CCc4cc(O)ccc43)C1CCC2=O
147,CC12CCC3=C4C=CC(=CC4=CC=C3C1CCC2=O)O,0,1,0,0,0,0,0,<rdkit.Chem.rdchem.Mol object at 0x000001E91DA7C940>,CC12CCc3c(ccc4cc(O)ccc34)C1CCC2=O
151,CCCCN(C)C(=O)CCCCCCCCCCC1CC2=C(C=CC(=C2)O)C3CCC4(C)C(O)CCC4C13,0,1,0,0,0,0,0,<rdkit.Chem.rdchem.Mol object at 0x000001E91DA7C9A0>,CCCCN(C)C(=O)CCCCCCCCCCC1Cc2cc(O)ccc2C2CCC3(C)C(O)CCC3C12
159,CC12CC(C3C(CCC4=C3C=CC(=C4)O)C1CCC2O)C5=CC=C(OCCCCC[S](=O)(=O)CCCC(F)(F)C(F)(F)F)C=C5,0,1,0,0,0,0,0,<rdkit.Chem.rdchem.Mol object at 0x000001E91DA7CA00>,CC12CC(c3ccc(OCCCCCS(=O)(=O)CCCC(F)(F)C(F)(F)F)cc3)C3c4ccc(O)cc4CCC3C1CCC2O
168,CCC1=C([N](N=C1C2=CC=C(O)C=C2)C3=CC=CC=C3)C4=CC=C(O)C=C4,0,1,0,0,0,0,0,<rdkit.Chem.rdchem.Mol object at 0x000001E91DA7CA60>,CCc1c(-c2ccc(O)cc2)nn(-c2ccccc2)c1-c1ccc(O)cc1
169,CC[N]1C2=C(C=CC(=C2)O)C(=C1C3=CC=C(O)C=C3)C,0,1,0,0,0,0,0,<rdkit.Chem.rdchem.Mol object at 0x000001E91DA7CAC0>,CCn1c(-c2ccc(O)cc2)c(C)c2ccc(O)cc21
170,OC1=CC=C(C=C1)C2=C(C3=CC=C(O)C=C3)C4=C(O2)C=C(O)C=C4,0,1,0,0,0,0,0,<rdkit.Chem.rdchem.Mol object at 0x000001E91DA7CB20>,Oc1ccc(-c2oc3cc(O)ccc3c2-c2ccc(O)cc2)cc1
171,CCC1=C(SC2=C1C=CC(=C2)O)C3=CC=C(O)C=C3,0,1,0,0,0,0,0,<rdkit.Chem.rdchem.Mol object at 0x000001E91DA7CB80>,CCc1c(-c2ccc(O)cc2)sc2cc(O)ccc12
173,COC1=CC=C(C=C1)C2=COC3=C(C=CC(=C3)O)C2=O,0,1,0,0,0,0,0,<rdkit.Chem.rdchem.Mol object at 0x000001E91DA7CBE0>,COc1ccc(-c2coc3cc(O)ccc3c2=O)cc1
174,CCC(C1=CC2=CC=C(OC)C=C2C=C1)C(C)(C)C(O)=O,0,1,0,0,0,0,0,<rdkit.Chem.rdchem.Mol object at 0x000001E91DA7CC40>,CCC(c1ccc2cc(OC)ccc2c1)C(C)(C)C(=O)O
175,CCC(C1=CC2=C(O1)C=CC=C2)C(C)(C)C(O)=O,0,1,0,0,0,0,0,<rdkit.Chem.rdchem.Mol object at 0x000001E91DA7CCA0>,CCC(c1cc2ccccc2o1)C(C)(C)C(=O)O
177,O=C1C(CCCCC1CC2=CC=CC=C2)CC3=CC=CC=C3,0,1,0,0,0,0,0,<rdkit.Chem.rdchem.Mol object at 0x000001E91DA7CD00>,O=C1C(Cc2ccccc2)CCCCC1Cc1ccccc1
178,OC1=CC(=C(C=C1)C2=CC3=C(C=C(O)C(=C3)Cl)[N]2CCl)Cl,0,1,0,0,0,0,0,<rdkit.Chem.rdchem.Mol object at 0x000001E91DA7CD60>,Oc1ccc(-c2cc3cc(Cl)c(O)cc3n2CCl)c(Cl)c1
182,CC12CC(CCl)C3C(CCC4=C3C=CC(=C4)O)C1CCC2O,0,1,0,0,0,0,0,<rdkit.Chem.rdchem.Mol object at 0x000001E91DA7CDC0>,CC12CC(CCl)C3c4ccc(O)cc4CCC3C1CCC2O
183,COC1=CC=C(C=C1)[S](=O)(=O)N(CC2=CN=CC=C2)C(C(C)C)C(=O)NO,0,0,1,0,0,0,0,<rdkit.Chem.rdchem.Mol object at 0x000001E91DA7CE20>,COc1ccc(S(=O)(=O)N(Cc2cccnc2)C(C(=O)NO)C(C)C)cc1
184,CC1(C)SCCN(C1C(=O)NO)[S](=O)(=O)C2=CC=C(OC3=CC=NC=C3)C=C2,0,0,1,0,0,0,0,<rdkit.Chem.rdchem.Mol object at 0x000001E91DA7CE80>,CC1(C)SCCN(S(=O)(=O)c2ccc(Oc3ccncc3)cc2)C1C(=O)NO
185,CC(C)(C)C(NC(=O)C(CC1CCCC1)C([NH3+])C(=O)NO)C(=O)NC2=CC3=C(OCO3)C=C2,0,0,1,0,0,0,0,<rdkit.Chem.rdchem.Mol object at 0x000001E91DA7CEE0>,CC(C)(C)C(NC(=O)C(CC1CCCC1)C([NH3+])C(=O)NO)C(=O)Nc1ccc2c(c1)OCO2
186,CNC(=O)C(CC1=CC=C(OC)C=C1)N[S](=O)(=O)C(CC(C)C)CC(=O)NO,0,0,1,0,0,0,0,<rdkit.Chem.rdchem.Mol object at 0x000001E91DA7CF40>,CNC(=O)C(Cc1ccc(OC)cc1)NS(=O)(=O)C(CC(=O)NO)CC(C)C
187,OCC(CC1=NC=C[NH]1)NC(=O)C(CCCC2=CC=C(C=C2)C3=CC=CC=C3)CC(=O)NO,0,0,1,0,0,0,0,<rdkit.Chem.rdchem.Mol object at 0x000001E91DA7CFA0>,O=C(CC(CCCc1ccc(-c2ccccc2)cc1)C(=O)NC(CO)Cc1ncc[nH]1)NO
188,CNC(=O)C(CC1=CC=CC=C1)N2CCC(CC3CCCC3)(CC(=O)NO)C2=O,0,0,1,0,0,0,0,<rdkit.Chem.rdchem.Mol object at 0x000001E91DA7D040>,CNC(=O)C(Cc1ccccc1)N1CCC(CC(=O)NO)(CC2CCCC2)C1=O
189,CC(C)CC1(CCN(CCC2=CC=CC=C2)C1=O)C(CCN3C(=O)C4=C(C=C(F)C=C4)C3=O)C(=O)NO,0,0,1,0,0,0,0,<rdkit.Chem.rdchem.Mol object at 0x000001E91DA7D0A0>,CC(C)CC1(C(CCN2C(=O)c3ccc(F)cc3C2=O)C(=O)NO)CCN(CCc2ccccc2)C1=O
190,ONC(=O)C1CC2=C(CN1[S](=O)(=O)C3=CC=C(C=C3)C4=CC=C(Cl)C=C4)C=CC=C2,0,0,1,0,0,0,0,<rdkit.Chem.rdchem.Mol object at 0x000001E91DA7D100>,O=C(NO)C1Cc2ccccc2CN1S(=O)(=O)c1ccc(-c2ccc(Cl)cc2)cc1
191,CC(N[S](=O)(=O)C1=CC=C(C=CC2=CC=C(C)C=C2)C=C1)C(=O)NO,0,0,1,0,0,0,0,<rdkit.Chem.rdchem.Mol object at 0x000001E91DA7D160>,Cc1ccc(C=Cc2ccc(S(=O)(=O)NC(C)C(=O)NO)cc2)cc1
192,COC1=CC=C(C=C1)N2CCN(CC2)C3=CC=C(C=C3)[S](=O)(=O)NC(CC4=CC=CC=C4)C([O-])=O,0,0,1,0,0,0,0,<rdkit.Chem.rdchem.Mol object at 0x000001E91DA7D1C0>,COc1ccc(N2CCN(c3ccc(S(=O)(=O)NC(Cc4ccccc4)C(=O)[O-])cc3)CC2)cc1
193,ONC(=O)C1(CCOCC1)C[S](=O)(=O)C2=CC=C(OC3=CC=C(Cl)C=C3)C=C2,0,0,1,0,0,0,0,<rdkit.Chem.rdchem.Mol object at 0x000001E91DA7D220>,O=C(NO)C1(CS(=O)(=O)c2ccc(Oc3ccc(Cl)cc3)cc2)CCOCC1
194,ON=C(CCC([O-])=O)C1=CC2=C(C=C1)C3=CC=CC=C3O2,0,0,1,0,0,0,0,<rdkit.Chem.rdchem.Mol object at 0x000001E91DA7D280>,O=C([O-])CCC(=NO)c1ccc2c(c1)oc1ccccc12
195,[O-]C(=O)C(CCN1C(=O)C2=C(C=CC=C2)C1=O)CC(=O)C3=CC=C(C=C3)C4=CC=C(Cl)C=C4,0,0,1,0,0,0,0,<rdkit.Chem.rdchem.Mol object at 0x000001E91DA7D2E0>,O=C(CC(CCN1C(=O)c2ccccc2C1=O)C(=O)[O-])c1ccc(-c2ccc(Cl)cc2)cc1
196,[O-]C(=O)C(CCC(=O)C1=CC=CC=C1)CC(=O)C2=CC=C(C=C2)C3=CC=C(Cl)C=C3,0,0,1,0,0,0,0,<rdkit.Chem.rdchem.Mol object at 0x000001E91DA7D340>,O=C(CCC(CC(=O)c1ccc(-c2ccc(Cl)cc2)cc1)C(=O)[O-])c1ccccc1
197,[O-]C(=O)C1CCC(CN2N=NC3=C(C=CC=C3)C2=O)C1C(=O)C4=CC=C(C=C4)C5=CC=C(Cl)C=C5,0,0,1,0,0,0,0,<rdkit.Chem.rdchem.Mol object at 0x000001E91DA7D3A0>,O=C([O-])C1CCC(Cn2nnc3ccccc3c2=O)C1C(=O)c1ccc(-c2ccc(Cl)cc2)cc1
198,CCCCC(CC(CCC1=CC=C(C=C1)C2=CC=C(F)C=C2)C(=O)NC(C(=O)NC)C(C)(C)C)C([O-])=O,0,0,1,0,0,0,0,<rdkit.Chem.rdchem.Mol object at 0x000001E91DA7D400>,CCCCC(CC(CCc1ccc(-c2ccc(F)cc2)cc1)C(=O)NC(C(=O)NC)C(C)(C)C)C(=O)[O-]
199,[NH3+]C(CC[NH2+]C(CC[NH+]1CCC1C([O-])=O)C([O-])=O)C([O-])=O,0,0,1,0,0,0,0,<rdkit.Chem.rdchem.Mol object at 0x000001E91DA7D460>,[NH3+]C(CC[NH2+]C(CC[NH+]1CCC1C(=O)[O-])C(=O)[O-])C(=O)[O-]
200,[O-]C(=O)CCC1=CC(COC1=O)=CC=CC=C,0,0,1,0,0,0,0,<rdkit.Chem.rdchem.Mol object at 0x000001E91DA7D4C0>,C=CC=CC=C1C=C(CCC(=O)[O-])C(=O)OC1
201,CNC(=O)C(NC(=O)C(CC(C)C)C(O)C(=O)NO)C(C)(C)C,0,0,1,0,0,0,0,<rdkit.Chem.rdchem.Mol object at 0x000001E91DA7D520>,CNC(=O)C(NC(=O)C(CC(C)C)C(O)C(=O)NO)C(C)(C)C
202,CN1C(=O)N(CC(C(CC2CCCC2)C(=O)N3CCCCC3)C(=O)NO)C(=O)C1(C)C,0,0,1,0,0,0,0,<rdkit.Chem.rdchem.Mol object at 0x000001E91DA7D580>,CN1C(=O)N(CC(C(=O)NO)C(CC2CCCC2)C(=O)N2CCCCC2)C(=O)C1(C)C
203,CC(C[S](=O)(=O)C1=CC=C(C=C1)C2=CC3=C(O2)C=CC=C3)C(=O)NO,0,0,1,0,0,0,0,<rdkit.Chem.rdchem.Mol object at 0x000001E91DA7D5E0>,CC(CS(=O)(=O)c1ccc(-c2cc3ccccc3o2)cc1)C(=O)NO
204,CNC(=O)C(CC1=CC=CC=C1)NC(=O)C(CC(C)C)C(CSC2=CC=CS2)C(=O)NO,0,0,1,0,0,0,0,<rdkit.Chem.rdchem.Mol object at 0x000001E91DA7D640>,CNC(=O)C(Cc1ccccc1)NC(=O)C(CC(C)C)C(CSc1cccs1)C(=O)NO
205,OCC#CC1=CC=C(C=C1)C2=CC=C(C=C2)C(=O)CC(CCN3C(=O)C4=C(C=CC=C4)C3=O)C([O-])=O,0,0,1,0,0,0,0,<rdkit.Chem.rdchem.Mol object at 0x000001E91DA7D6A0>,O=C(CC(CCN1C(=O)c2ccccc2C1=O)C(=O)[O-])c1ccc(-c2ccc(C#CCO)cc2)cc1
206,CNC(=O)C(CC1=CC=CC=C1)NC(=O)C(CC(C)C)C(CSC2=CC=CS2)C(=O)NO,0,0,1,0,0,0,0,<rdkit.Chem.rdchem.Mol object at 0x000001E91DA7D700>,CNC(=O)C(Cc1ccccc1)NC(=O)C(CC(C)C)C(CSc1cccs1)C(=O)NO
207,CNC(=O)C(NC(=O)C(CC(C)C)C(=O)C(=O)NO)C(C)(C)C,0,0,1,0,0,0,0,<rdkit.Chem.rdchem.Mol object at 0x000001E91DA7D760>,CNC(=O)C(NC(=O)C(CC(C)C)C(=O)C(=O)NO)C(C)(C)C
208,[O-]C(=O)C(CSCC1=CC=CC=C1)N[S](=O)(=O)C2=CC=C(C=C2)C3=CC=C(Cl)C=C3,0,0,1,0,0,0,0,<rdkit.Chem.rdchem.Mol object at 0x000001E91DA7D7C0>,O=C([O-])C(CSCc1ccccc1)NS(=O)(=O)c1ccc(-c2ccc(Cl)cc2)cc1
209,[O-]C(=O)C(CSC1=CC=CC=C1)CC(=O)C2=CC=C(C=C2)C3=CC=C(Cl)C=C3,0,0,1,0,0,0,0,<rdkit.Chem.rdchem.Mol object at 0x000001E91DA7D820>,O=C(CC(CSc1ccccc1)C(=O)[O-])c1ccc(-c2ccc(Cl)cc2)cc1
210,CC(C)CC(NC(=O)C1CCC[NH2+]1)C(=O)NCC(=O)NO,0,0,1,0,0,0,0,<rdkit.Chem.rdchem.Mol object at 0x000001E91DA7D880>,CC(C)CC(NC(=O)C1CCC[NH2+]1)C(=O)NCC(=O)NO
211,[O-]C(=O)C(CC1=C[NH]C2=C1C=CC=C2)NC(=O)OC3=CC=CC=C3,0,0,1,0,0,0,0,<rdkit.Chem.rdchem.Mol object at 0x000001E91DA7D8E0>,O=C(NC(Cc1c[nH]c2ccccc12)C(=O)[O-])Oc1ccccc1
212,CC1C2C(O)C3C(N(C)C)C(=C(C(N)=O)C(=O)C3C(=C2C(=O)C4=C1C=CC=C4O)O)O,0,0,1,0,0,0,0,<rdkit.Chem.rdchem.Mol object at 0x000001E91DA7D940>,CC1c2cccc(O)c2C(=O)C2=C(O)C3C(=O)C(C(N)=O)=C(O)C(N(C)C)C3C(O)C21
213,COC1=CC=C(C=C1)[S](=O)(=O)N(CC(=O)NO)CC2=CC=CC=C2,0,0,1,0,0,0,0,<rdkit.Chem.rdchem.Mol object at 0x000001E91DA7D9A0>,COc1ccc(S(=O)(=O)N(CC(=O)NO)Cc2ccccc2)cc1
214,CNC(=O)C(CC1=CC=CC=C1)NC(=O)C(CC(C)C)NC(CCN2C(=O)C3=C(C=C(C=C3)C4=CC=CC=C4)C2=O)C([O-])=O,0,0,1,0,0,0,0,<rdkit.Chem.rdchem.Mol object at 0x000001E91DA7DA00>,CNC(=O)C(Cc1ccccc1)NC(=O)C(CC(C)C)NC(CCN1C(=O)c2ccc(-c3ccccc3)cc2C1=O)C(=O)[O-]
215,CC(C)C(NC(=O)CNC(=O)C(CS)NC(=O)C(CC[NH+]=C(N)N)NC(C)=O)C(=O)N1CCCC1C([O-])=O,0,0,1,0,0,0,0,<rdkit.Chem.rdchem.Mol object at 0x000001E91DA7DA60>,CC(=O)NC(CC[NH+]=C(N)N)C(=O)NC(CS)C(=O)NCC(=O)NC(C(=O)N1CCCC1C(=O)[O-])C(C)C
216,CNC(=O)C(CC1=CC=C(OC)C=C1)NC(=O)C(CC(C)C)C(S)CC(=O)OCC2=CC=CC=C2,0,0,1,0,0,0,0,<rdkit.Chem.rdchem.Mol object at 0x000001E91DA7DAC0>,CNC(=O)C(Cc1ccc(OC)cc1)NC(=O)C(CC(C)C)C(S)CC(=O)OCc1ccccc1
217,CC1(C)SCCN(C1C(=O)NO)[S](=O)(=O)C2=CC=C(OC3=CC=NC=C3)C=C2,0,0,1,0,0,0,0,<rdkit.Chem.rdchem.Mol object at 0x000001E91DA7DB20>,CC1(C)SCCN(S(=O)(=O)c2ccc(Oc3ccncc3)cc2)C1C(=O)NO
218,[O-]C(=O)CN[S](=O)(=O)C1=CC=C(C=C1)N2CCC(CC2)C3=CC=CC=C3,0,0,1,0,0,0,0,<rdkit.Chem.rdchem.Mol object at 0x000001E91DA7DB80>,O=C([O-])CNS(=O)(=O)c1ccc(N2CCC(c3ccccc3)CC2)cc1
219,COCCN1CCCCC(NC(=O)C(C=C(C)C)C(CCCO)C(=O)NO)C1=O,0,0,1,0,0,0,0,<rdkit.Chem.rdchem.Mol object at 0x000001E91DA7DBE0>,COCCN1CCCCC(NC(=O)C(C=C(C)C)C(CCCO)C(=O)NO)C1=O
220,COC1=CC=C(C=C1)[S](=O)(=O)N2CC(C)(C)CN(C2C(=O)NO)[S](=O)(=O)C3=CC=C(OC)C=C3,0,0,1,0,0,0,0,<rdkit.Chem.rdchem.Mol object at 0x000001E91DA7DC40>,COc1ccc(S(=O)(=O)N2CC(C)(C)CN(S(=O)(=O)c3ccc(OC)cc3)C2C(=O)NO)cc1
221,[O-]C(=O)C(CC1=C[NH]C2=C1C=CC=C2)N[S](=O)(=O)C3=CC=C(C=C3)N4CCC(CC4)C5=CC=CC=C5,0,0,1,0,0,0,0,<rdkit.Chem.rdchem.Mol object at 0x000001E91DA7DCA0>,O=C([O-])C(Cc1c[nH]c2ccccc12)NS(=O)(=O)c1ccc(N2CCC(c3ccccc3)CC2)cc1
222,[O-]C(=O)C(CC1=C[NH]C2=C1C=CC=C2)N[S](=O)(=O)C3=CC=C(C=C3)N4CCC(CC4)C5=CC=CC=C5,0,0,1,0,0,0,0,<rdkit.Chem.rdchem.Mol object at 0x000001E91DA7DD00>,O=C([O-])C(Cc1c[nH]c2ccccc12)NS(=O)(=O)c1ccc(N2CCC(c3ccccc3)CC2)cc1
223,CC(C)CC(NC(=O)C(CCC1=CC=C(C=C1)C2=CC=C(F)C=C2)CC(CCCCN3CC4=C(C=CC=C4)C3=O)C([O-])=O)C(=O)NC5=CC=CC=C5,0,0,1,0,0,0,0,<rdkit.Chem.rdchem.Mol object at 0x000001E91DA7DD60>,CC(C)CC(NC(=O)C(CCc1ccc(-c2ccc(F)cc2)cc1)CC(CCCCN1Cc2ccccc2C1=O)C(=O)[O-])C(=O)Nc1ccccc1
224,CC([NH2+]C(CCC1=CC=CC=C1)C(=O)NC(CCC[NH+]=C(N)N)C(=O)NC2=CC=CC=C2)C([O-])=O,0,0,1,0,0,0,0,<rdkit.Chem.rdchem.Mol object at 0x000001E91DA7DDC0>,CC([NH2+]C(CCc1ccccc1)C(=O)NC(CCC[NH+]=C(N)N)C(=O)Nc1ccccc1)C(=O)[O-]
225,O=C(NC(CC(=O)[NH+]=C1SC(=S)N=N1)C2=CC=CC=C2)OCC3=CC=CC=C3,0,0,1,0,0,0,0,<rdkit.Chem.rdchem.Mol object at 0x000001E91DA7DE20>,O=C(CC(NC(=O)OCc1ccccc1)c1ccccc1)[NH+]=C1N=NC(=S)S1
226,CC(=O)NC1C(C=C(OC1C(=O)C(O)CO)C([O-])=O)[NH+]=C(N)N,0,0,0,1,0,0,0,<rdkit.Chem.rdchem.Mol object at 0x000001E91DA7DE80>,CC(=O)NC1C([NH+]=C(N)N)C=C(C(=O)[O-])OC1C(=O)C(O)CO
227,CCC(CC)C(=O)NC1=C(NC(C)=O)C=CC(=C1)C([O-])=O,0,0,0,1,0,0,0,<rdkit.Chem.rdchem.Mol object at 0x000001E91DA7DEE0>,CCC(CC)C(=O)Nc1cc(C(=O)[O-])ccc1NC(C)=O
228,NC(N)[NH+]=C1C=C(C=CC1N2C(=O)CCC2(CO)CO)C([O-])=O,0,0,0,1,0,0,0,<rdkit.Chem.rdchem.Mol object at 0x000001E91DA7DF40>,NC(N)[NH+]=C1C=C(C(=O)[O-])C=CC1N1C(=O)CCC1(CO)CO
229,CCC(CC)NC1=C(C=CC(=C1)C([O-])=O)N2C(=O)CCC2(CO)CO,0,0,0,1,0,0,0,<rdkit.Chem.rdchem.Mol object at 0x000001E91DA7DFA0>,CCC(CC)Nc1cc(C(=O)[O-])ccc1N1C(=O)CCC1(CO)CO
230,CCCN(CCC1=CC=CC=C1)C(=O)C2OC(=CC([NH3+])C2NC(C)=O)C([O-])=O,0,0,0,1,0,0,0,<rdkit.Chem.rdchem.Mol object at 0x000001E91DA7E040>,CCCN(CCc1ccccc1)C(=O)C1OC(C(=O)[O-])=CC([NH3+])C1NC(C)=O
231,CC(=O)NC1C=CC(=CC1=[NH+]C(N)N)C([O-])=O,0,0,0,1,0,0,0,<rdkit.Chem.rdchem.Mol object at 0x000001E91DA7E0A0>,CC(=O)NC1C=CC(C(=O)[O-])=CC1=[NH+]C(N)N
232,CC(=O)NC1=C(NC(=O)CO)C=C(C=C1)C([O-])=O,0,0,0,1,0,0,0,<rdkit.Chem.rdchem.Mol object at 0x000001E91DA7E100>,CC(=O)Nc1ccc(C(=O)[O-])cc1NC(=O)CO
233,CC(=O)NC1=C(NC(=O)C[NH3+])C=C(C=C1)C([O-])=O,0,0,0,1,0,0,0,<rdkit.Chem.rdchem.Mol object at 0x000001E91DA7E160>,CC(=O)Nc1ccc(C(=O)[O-])cc1NC(=O)C[NH3+]
234,CC(=O)NC1C(O)CC(OC1C(O)C(O)CO)[P](O)(O)=O,0,0,0,1,0,0,0,<rdkit.Chem.rdchem.Mol object at 0x000001E91DA7E1C0>,CC(=O)NC1C(O)CC(P(=O)(O)O)OC1C(O)C(O)CO
235,CC(=O)NC1=C(C=C(C=C1O)C([O-])=O)[N](=O)=O,0,0,0,1,0,0,0,<rdkit.Chem.rdchem.Mol object at 0x000001E91DA7E220>,CC(=O)Nc1c(O)cc(C(=O)[O-])cc1[N+](=O)[O-]
236,CC(=O)NC1=C(O)C=C(C=C1N)C([O-])=O,0,0,0,1,0,0,0,<rdkit.Chem.rdchem.Mol object at 0x000001E91DA7E280>,CC(=O)Nc1c(N)cc(C(=O)[O-])cc1O
237,CC(=O)NC1=C(N)C=C(C=C1)C([O-])=O,0,0,0,1,0,0,0,<rdkit.Chem.rdchem.Mol object at 0x000001E91DA7E2E0>,CC(=O)Nc1ccc(C(=O)[O-])cc1N
238,CC(=O)NC1C(OC(=CC1[NH+]=C(N)N)C([O-])=O)C(O)C(O)CO,0,0,0,1,0,0,0,<rdkit.Chem.rdchem.Mol object at 0x000001E91DA7E340>,CC(=O)NC1C([NH+]=C(N)N)C=C(C(=O)[O-])OC1C(O)C(O)CO
239,CC(=O)NC1C(O)C=C(OC1C(O)C(O)CO)C([O-])=O,0,0,0,1,0,0,0,<rdkit.Chem.rdchem.Mol object at 0x000001E91DA7E3A0>,CC(=O)NC1C(O)C=C(C(=O)[O-])OC1C(O)C(O)CO
240,CC(=O)NC1C(O)CC(O)(OC1C(O)C(O)CO)C([O-])=O,0,0,0,1,0,0,0,<rdkit.Chem.rdchem.Mol object at 0x000001E91DA7E400>,CC(=O)NC1C(O)CC(O)(C(=O)[O-])OC1C(O)C(O)CO
241,CCCN(C)C(=O)C1OC(=CC([NH+]=C(N)N)C1NC(C)=O)C([O-])=O,0,0,0,1,0,0,0,<rdkit.Chem.rdchem.Mol object at 0x000001E91DA7E460>,CCCN(C)C(=O)C1OC(C(=O)[O-])=CC([NH+]=C(N)N)C1NC(C)=O
242,CCN(CC)C(=O)C1OC(=CC([NH3+])C1NC(C)=O)C([O-])=O,0,0,0,1,0,0,0,<rdkit.Chem.rdchem.Mol object at 0x000001E91DA7E4C0>,CCN(CC)C(=O)C1OC(C(=O)[O-])=CC([NH3+])C1NC(C)=O
243,CC[S](=O)C1=CC=C(C=C1)C2=NC(=C([NH]2)C3=CC=NC=C3)C4=CC=C(F)C=C4,0,0,0,0,1,0,0,<rdkit.Chem.rdchem.Mol object at 0x000001E91DA7E520>,CCS(=O)c1ccc(-c2nc(-c3ccc(F)cc3)c(-c3ccncc3)[nH]2)cc1
244,CCC(CC)(CC)C1=NC(=C([NH]1)C2=CC=NC=C2)C3=CC=CC=C3,0,0,0,0,1,0,0,<rdkit.Chem.rdchem.Mol object at 0x000001E91DA7E580>,CCC(CC)(CC)c1nc(-c2ccccc2)c(-c2ccncc2)[nH]1
245,COC1=CC=C(C=C1)C2=C([NH]C(=N2)C3=CC=C(Cl)C=C3)C4=CC=NC=C4,0,0,0,0,1,0,0,<rdkit.Chem.rdchem.Mol object at 0x000001E91DA7E5E0>,COc1ccc(-c2nc(-c3ccc(Cl)cc3)[nH]c2-c2ccncc2)cc1
246,FC1=CC=C(C=C1)C2=C([N]3CC[S](=O)C3=N2)C4=CC=NC=C4,0,0,0,0,1,0,0,<rdkit.Chem.rdchem.Mol object at 0x000001E91DA7E640>,O=S1CCn2c1nc(-c1ccc(F)cc1)c2-c1ccncc1
247,FC1=CC=C(C=C1)C2=C([NH]C(=N2)C3=CC=CC=C3)C4=CC=NC=C4,0,0,0,0,1,0,0,<rdkit.Chem.rdchem.Mol object at 0x000001E91DA7E6A0>,Fc1ccc(-c2nc(-c3ccccc3)[nH]c2-c2ccncc2)cc1
251,CNC1=NC(=CC=N1)C2=C(N=C[N]2C3CCC4(CC3)OCCO4)C5=CC=C(F)C=C5,0,0,0,0,1,0,0,<rdkit.Chem.rdchem.Mol object at 0x000001E91DA7E700>,CNc1nccc(-c2c(-c3ccc(F)cc3)ncn2C2CCC3(CC2)OCCO3)n1
255,CCC(CC)(CC)OC(=O)N1CCC(CC1)C2=NC(=C([NH]2)C3=NC=NC=C3)C4=CC=C(F)C=C4,0,0,0,0,1,0,0,<rdkit.Chem.rdchem.Mol object at 0x000001E91DA7E760>,CCC(CC)(CC)OC(=O)N1CCC(c2nc(-c3ccc(F)cc3)c(-c3ccncn3)[nH]2)CC1
256,CCC1=NC(=C(O1)C2=CC(=CC=C2)OC)C3=CC=NC=C3,0,0,0,0,1,0,0,<rdkit.Chem.rdchem.Mol object at 0x000001E91DA7E7C0>,CCc1nc(-c2ccncc2)c(-c2cccc(OC)c2)o1
257,FC1=CC=C(C=C1)C2=C(OC(=N2)C3=CC=CC=C3)C4=CC=NC=C4,0,0,0,0,1,0,0,<rdkit.Chem.rdchem.Mol object at 0x000001E91DA7E820>,Fc1ccc(-c2nc(-c3ccccc3)oc2-c2ccncc2)cc1
258,CC[S](=O)C1=CC=C(C=C1)[N]2C=C(C3=CC=NC=C3)C(=N2)C4=CC=C(F)C=C4,0,0,0,0,1,0,0,<rdkit.Chem.rdchem.Mol object at 0x000001E91DA7E880>,CCS(=O)c1ccc(-n2cc(-c3ccncc3)c(-c3ccc(F)cc3)n2)cc1
262,CC[S](=C)C1=CC=C(C=C1)C2=NC(=C([NH]2)C3=CC=NC=C3)C4=CC=C(F)C=C4,0,0,0,0,1,0,0,<rdkit.Chem.rdchem.Mol object at 0x000001E91DA7E8E0>,C=S(CC)c1ccc(-c2nc(-c3ccc(F)cc3)c(-c3ccncc3)[nH]2)cc1
263,NC1=NC2=C(C=C1)C(=C([NH]2)C3=CC=C(F)C=C3)C4=CC=NC=C4,0,0,0,0,1,0,0,<rdkit.Chem.rdchem.Mol object at 0x000001E91DA7E940>,Nc1ccc2c(-c3ccncc3)c(-c3ccc(F)cc3)[nH]c2n1
264,CCC1=CC=C(C=C1)C2=CC(=N[N]2C3=CC=C(C=C3)C(N)=O)C(F)(F)F,0,0,0,0,1,0,0,<rdkit.Chem.rdchem.Mol object at 0x000001E91DA7E9A0>,CCc1ccc(-c2cc(C(F)(F)F)nn2-c2ccc(C(N)=O)cc2)cc1
265,CCN1NC(C2=CC=NC=C2)C(=C1)C3=CC=C(F)C=C3,0,0,0,0,1,0,0,<rdkit.Chem.rdchem.Mol object at 0x000001E91DA7EA00>,CCN1C=C(c2ccc(F)cc2)C(c2ccncc2)N1
268,CC1(C)C2CCC1(C(=O)C2)[S](=O)(=O)N3CCCC3C(=O)NCCCC[NH+]=C(N)N,0,0,0,0,0,1,0,<rdkit.Chem.rdchem.Mol object at 0x000001E91DA7EA60>,CC1(C)C2CCC1(S(=O)(=O)N1CCCC1C(=O)NCCCC[NH+]=C(N)N)C(=O)C2
269,NC(N)=[NH+]CCCCNC(=O)C1CCCN1C(=O)C([NH3+])CC2=CC=CC=C2,0,0,0,0,0,1,0,<rdkit.Chem.rdchem.Mol object at 0x000001E91DA7EAC0>,NC(N)=[NH+]CCCCNC(=O)C1CCCN1C(=O)C([NH3+])Cc1ccccc1
270,[NH3+]CC1=CC=C(CNC(=O)C2CCCN2C(=O)C([NH3+])CC3=CC=CC=C3)C=C1,0,0,0,0,0,1,0,<rdkit.Chem.rdchem.Mol object at 0x000001E91DA7EB20>,[NH3+]Cc1ccc(CNC(=O)C2CCCN2C(=O)C([NH3+])Cc2ccccc2)cc1
271,[NH3+]CC1CCC(CC1)CNC(=O)C2CCCN2C(=O)C([NH3+])CC3=CC=CC=C3,0,0,0,0,0,1,0,<rdkit.Chem.rdchem.Mol object at 0x000001E91DA7EB80>,[NH3+]CC1CCC(CNC(=O)C2CCCN2C(=O)C([NH3+])Cc2ccccc2)CC1
272,NC1=CC=C(CCNC(=O)C2CCCN2C(=O)C([NH3+])CC3=CC=CC=C3)C=C1,0,0,0,0,0,1,0,<rdkit.Chem.rdchem.Mol object at 0x000001E91DA7EBE0>,Nc1ccc(CCNC(=O)C2CCCN2C(=O)C([NH3+])Cc2ccccc2)cc1
273,[NH3+]CC1CCCC(CNC(=O)C2CCCN2C(=O)C([NH3+])CC3=CC=CC=C3)C1,0,0,0,0,0,1,0,<rdkit.Chem.rdchem.Mol object at 0x000001E91DA7EC40>,[NH3+]CC1CCCC(CNC(=O)C2CCCN2C(=O)C([NH3+])Cc2ccccc2)C1
274,[NH3+]C(CC1=CC=CC=C1)C(=O)N2CCCC2C(=O)NCCC3=C[NH]C4=C3C=CC=C4,0,0,0,0,0,1,0,<rdkit.Chem.rdchem.Mol object at 0x000001E91DA7ECA0>,[NH3+]C(Cc1ccccc1)C(=O)N1CCCC1C(=O)NCCc1c[nH]c2ccccc12
275,NC1=CC=C(CNC(=O)C2CCCN2C(=O)C([NH3+])CC3=CC=CC=C3)C=C1,0,0,0,0,0,1,0,<rdkit.Chem.rdchem.Mol object at 0x000001E91DA7ED00>,Nc1ccc(CNC(=O)C2CCCN2C(=O)C([NH3+])Cc2ccccc2)cc1
276,[NH3+]CC1=CC(=CC=C1)CNC(=O)C2CCCN2C(=O)C([NH3+])CC3=CC=CC=C3,0,0,0,0,0,1,0,<rdkit.Chem.rdchem.Mol object at 0x000001E91DA7ED60>,[NH3+]Cc1cccc(CNC(=O)C2CCCN2C(=O)C([NH3+])Cc2ccccc2)c1
277,[NH3+]CCCCCNC(=O)C1CCCN1C(=O)C([NH3+])CC2=CC=CC=C2,0,0,0,0,0,1,0,<rdkit.Chem.rdchem.Mol object at 0x000001E91DA7EDC0>,[NH3+]CCCCCNC(=O)C1CCCN1C(=O)C([NH3+])Cc1ccccc1
278,NC1=CC(=CC=C1)CNC(=O)C2CCCN2C(=O)C([NH3+])CC3=CC=CC=C3,0,0,0,0,0,1,0,<rdkit.Chem.rdchem.Mol object at 0x000001E91DA7EE20>,Nc1cccc(CNC(=O)C2CCCN2C(=O)C([NH3+])Cc2ccccc2)c1
279,NC1=CN=C(NCCNC(=O)C2CCCN2C(=O)C([NH3+])CC3=CC=CC=C3)C=C1,0,0,0,0,0,1,0,<rdkit.Chem.rdchem.Mol object at 0x000001E91DA7EE80>,Nc1ccc(NCCNC(=O)C2CCCN2C(=O)C([NH3+])Cc2ccccc2)nc1
280,NC(=S)NC1=CC=C(CNC(=O)C2CCCN2C(=O)C([NH3+])CC3=CC=CC=C3)C=C1,0,0,0,0,0,1,0,<rdkit.Chem.rdchem.Mol object at 0x000001E91DA7EEE0>,NC(=S)Nc1ccc(CNC(=O)C2CCCN2C(=O)C([NH3+])Cc2ccccc2)cc1
281,NC1=NC=C(CNC(=O)C2CCCN2C(=O)C([NH3+])CC3=CC=CC=C3)C=C1,0,0,0,0,0,1,0,<rdkit.Chem.rdchem.Mol object at 0x000001E91DA7EF40>,Nc1ccc(CNC(=O)C2CCCN2C(=O)C([NH3+])Cc2ccccc2)cn1
282,NC(N)=[NH+]CCCCNC(=O)C1CCCN1C(=O)C([NH3+])CC2=CC3=CC=CC=C3C=C2,0,0,0,0,0,1,0,<rdkit.Chem.rdchem.Mol object at 0x000001E91DA7EFA0>,NC(N)=[NH+]CCCCNC(=O)C1CCCN1C(=O)C([NH3+])Cc1ccc2ccccc2c1
283,[NH3+]CC1=CC=C(CNC(=O)C2CCCN2C(=O)C([NH3+])CC3=CC4=CC=CC=C4C=C3)C=C1,0,0,0,0,0,1,0,<rdkit.Chem.rdchem.Mol object at 0x000001E91DA7F040>,[NH3+]Cc1ccc(CNC(=O)C2CCCN2C(=O)C([NH3+])Cc2ccc3ccccc3c2)cc1
284,[NH3+]CC1CCC(CC1)CNC(=O)C2CCCN2C(=O)C([NH3+])CC3=CC4=CC=CC=C4C=C3,0,0,0,0,0,1,0,<rdkit.Chem.rdchem.Mol object at 0x000001E91DA7F0A0>,[NH3+]CC1CCC(CNC(=O)C2CCCN2C(=O)C([NH3+])Cc2ccc3ccccc3c2)CC1
285,NC1=CC=C(CCNC(=O)C2CCCN2C(=O)C([NH3+])CC3=CC4=CC=CC=C4C=C3)C=C1,0,0,0,0,0,1,0,<rdkit.Chem.rdchem.Mol object at 0x000001E91DA7F100>,Nc1ccc(CCNC(=O)C2CCCN2C(=O)C([NH3+])Cc2ccc3ccccc3c2)cc1
286,NC(N)=[NH+]CCCCNC(=O)C1CCCN1C(=O)C([NH3+])CC2=CC=C(Br)C=C2,0,0,0,0,0,1,0,<rdkit.Chem.rdchem.Mol object at 0x000001E91DA7F160>,NC(N)=[NH+]CCCCNC(=O)C1CCCN1C(=O)C([NH3+])Cc1ccc(Br)cc1
287,[NH3+]CC1=CC=C(CNC(=O)C2CCCN2C(=O)C([NH3+])CC3=CC=C(Br)C=C3)C=C1,0,0,0,0,0,1,0,<rdkit.Chem.rdchem.Mol object at 0x000001E91DA7F1C0>,[NH3+]Cc1ccc(CNC(=O)C2CCCN2C(=O)C([NH3+])Cc2ccc(Br)cc2)cc1
288,[NH3+]CC1CCC(CC1)CNC(=O)C2CCCN2C(=O)C([NH3+])CC3=CC=C(Br)C=C3,0,0,0,0,0,1,0,<rdkit.Chem.rdchem.Mol object at 0x000001E91DA7F220>,[NH3+]CC1CCC(CNC(=O)C2CCCN2C(=O)C([NH3+])Cc2ccc(Br)cc2)CC1
289,NC1=CC=C(CCNC(=O)C2CCCN2C(=O)C([NH3+])CC3=CC=C(Br)C=C3)C=C1,0,0,0,0,0,1,0,<rdkit.Chem.rdchem.Mol object at 0x000001E91DA7F280>,Nc1ccc(CCNC(=O)C2CCCN2C(=O)C([NH3+])Cc2ccc(Br)cc2)cc1
290,NC(N)=[NH+]CCCCNC(=O)C1CCCN1C(=O)C([NH3+])CC2=CC(=CC=C2)O,0,0,0,0,0,1,0,<rdkit.Chem.rdchem.Mol object at 0x000001E91DA7F2E0>,NC(N)=[NH+]CCCCNC(=O)C1CCCN1C(=O)C([NH3+])Cc1cccc(O)c1
291,[NH3+]CC1=CC=C(CNC(=O)C2CCCN2C(=O)C([NH3+])CC3=CC(=CC=C3)O)C=C1,0,0,0,0,0,1,0,<rdkit.Chem.rdchem.Mol object at 0x000001E91DA7F340>,[NH3+]Cc1ccc(CNC(=O)C2CCCN2C(=O)C([NH3+])Cc2cccc(O)c2)cc1
292,[NH3+]CC1CCC(CC1)CNC(=O)C2CCCN2C(=O)C([NH3+])CC3=CC(=CC=C3)O,0,0,0,0,0,1,0,<rdkit.Chem.rdchem.Mol object at 0x000001E91DA7F3A0>,[NH3+]CC1CCC(CNC(=O)C2CCCN2C(=O)C([NH3+])Cc2cccc(O)c2)CC1
293,NC1=CC=C(CCNC(=O)C2CCCN2C(=O)C([NH3+])CC3=CC(=CC=C3)O)C=C1,0,0,0,0,0,1,0,<rdkit.Chem.rdchem.Mol object at 0x000001E91DA7F400>,Nc1ccc(CCNC(=O)C2CCCN2C(=O)C([NH3+])Cc2cccc(O)c2)cc1
294,NC(N)=[NH+]CCCCNC(=O)C1CCCN1C(=O)C([NH3+])CC(=O)C2=CC(=CC=C2)N,0,0,0,0,0,1,0,<rdkit.Chem.rdchem.Mol object at 0x000001E91DA7F460>,NC(N)=[NH+]CCCCNC(=O)C1CCCN1C(=O)C([NH3+])CC(=O)c1cccc(N)c1
295,NC(N)=[NH+]CCCCNC(=O)C1CCCN1C(=O)C([NH3+])CC2=CC=C(N)C=C2,0,0,0,0,0,1,0,<rdkit.Chem.rdchem.Mol object at 0x000001E91DA7F4C0>,NC(N)=[NH+]CCCCNC(=O)C1CCCN1C(=O)C([NH3+])Cc1ccc(N)cc1
296,NC(N)=[NH+]CCCCNC(=O)C1CCCN1C(=O)C([NH3+])CC2=C[NH]C3=C2C=CC=C3,0,0,0,0,0,1,0,<rdkit.Chem.rdchem.Mol object at 0x000001E91DA7F520>,NC(N)=[NH+]CCCCNC(=O)C1CCCN1C(=O)C([NH3+])Cc1c[nH]c2ccccc12
297,NC(N)=[NH+]CCCCNC(=O)C1CCCN1C(=O)C(O)CC2=CC=CC=C2,0,0,0,0,0,1,0,<rdkit.Chem.rdchem.Mol object at 0x000001E91DA7F580>,NC(N)=[NH+]CCCCNC(=O)C1CCCN1C(=O)C(O)Cc1ccccc1
298,NC(N)=[NH+]CCCCNC(=O)C1CCCN1[S](=O)(=O)CC2=CC=CC=C2,0,0,0,0,0,1,0,<rdkit.Chem.rdchem.Mol object at 0x000001E91DA7F5E0>,NC(N)=[NH+]CCCCNC(=O)C1CCCN1S(=O)(=O)Cc1ccccc1
299,CCOC1=C(Cl)C2=C(C=C(C=C2)[NH+]=C(N)N)C(=O)O1,0,0,0,0,0,1,0,<rdkit.Chem.rdchem.Mol object at 0x000001E91DA7F640>,CCOc1oc(=O)c2cc([NH+]=C(N)N)ccc2c1Cl
300,CC[S](=O)(=O)NC(CC1=CC=CC=C1)C(=O)N2CCCC2C(=O)NC[CH]3CC[N+](CC3)=[C](N)N,0,0,0,0,0,1,0,<rdkit.Chem.rdchem.Mol object at 0x000001E91DA7F6A0>,CCS(=O)(=O)NC(Cc1ccccc1)C(=O)N1CCCC1C(=O)NCC1CC[N+](=C(N)N)CC1
301,NC(=[NH2+])N1CCC(CC1)OCCC2CCCCN2C(=O)C(CC([O-])=O)[NH2+]C3CCCCCCC3,0,0,0,0,0,1,0,<rdkit.Chem.rdchem.Mol object at 0x000001E91DA7F700>,NC(=[NH2+])N1CCC(OCCC2CCCCN2C(=O)C(CC(=O)[O-])[NH2+]C2CCCCCCC2)CC1
302,CC(=O)NC(COC1=CC=CC=C1)C(=O)N2CCCC2C(=O)NCC3CCC([NH3+])CC3,0,0,0,0,0,1,0,<rdkit.Chem.rdchem.Mol object at 0x000001E91DA7F760>,CC(=O)NC(COc1ccccc1)C(=O)N1CCCC1C(=O)NCC1CCC([NH3+])CC1
303,NC(=[NH2+])C1=CC(=CC=C1)CC(NC(=O)CN[S](=O)(=O)C2=CC3=CC=CC=C3C=C2)C(=O)N4CCCCC4,0,0,0,0,0,1,0,<rdkit.Chem.rdchem.Mol object at 0x000001E91DA7F7C0>,NC(=[NH2+])c1cccc(CC(NC(=O)CNS(=O)(=O)c2ccc3ccccc3c2)C(=O)N2CCCCC2)c1
304,NC(=[NH2+])C1=CC=C(CC(NC(=O)CN[S](=O)(=O)C2=CC3=CC=CC=C3C=C2)C(=O)N4CCCCC4)C=C1,0,0,0,0,0,1,0,<rdkit.Chem.rdchem.Mol object at 0x000001E91DA7F820>,NC(=[NH2+])c1ccc(CC(NC(=O)CNS(=O)(=O)c2ccc3ccccc3c2)C(=O)N2CCCCC2)cc1
305,CCC1CCN(C(C1)C([O-])=O)C(=O)C(CCCCC2=C(C)[NH]C=[NH+]2)N[S](=O)(=O)C3=C(NC(C)=O)C=C(C=C3)C4=CC=CC=C4,0,0,0,0,0,1,0,<rdkit.Chem.rdchem.Mol object at 0x000001E91DA7F880>,CCC1CCN(C(=O)C(CCCCc2[nH+]c[nH]c2C)NS(=O)(=O)c2ccc(-c3ccccc3)cc2NC(C)=O)C(C(=O)[O-])C1
306,CC1=CCN(C(C1)C([O-])=O)C(=O)C(CC2=CC=C(C=C2)C(N)=[NH2+])N[S](=O)(=O)C3=CC4=C(CC[NH+](CC5=CC=CC=C5)C4)C=C3,0,0,0,0,0,1,0,<rdkit.Chem.rdchem.Mol object at 0x000001E91DA7F8E0>,CC1=CCN(C(=O)C(Cc2ccc(C(N)=[NH2+])cc2)NS(=O)(=O)c2ccc3c(c2)C[NH+](Cc2ccccc2)CC3)C(C(=O)[O-])C1
307,NC(=[NH2+])N1CCCC(CNC(=O)CC(N[S](=O)(=O)C2=CC3=CC=CC=C3C=C2)C(=O)N(CC([O-])=O)C4CC4)C1,0,0,0,0,0,1,0,<rdkit.Chem.rdchem.Mol object at 0x000001E91DA7F940>,NC(=[NH2+])N1CCCC(CNC(=O)CC(NS(=O)(=O)c2ccc3ccccc3c2)C(=O)N(CC(=O)[O-])C2CC2)C1
308,CC1CCN(C(C1)C([O-])=O)C(=O)C(CCC[NH+]=C(N)N)N[S](=O)(=O)C2=C3[NH2+]CC(C)CC3=CC=C2,0,0,0,0,0,1,0,<rdkit.Chem.rdchem.Mol object at 0x000001E91DA7F9A0>,CC1C[NH2+]c2c(cccc2S(=O)(=O)NC(CCC[NH+]=C(N)N)C(=O)N2CCC(C)CC2C(=O)[O-])C1
309,NC(N)=[NH+]CCCC(NC(=O)C1CCCN1C(=O)C([NH3+])C(C2=CC=CC=C2)C3=CC=CC=C3)C(=O)CCC(=O)N4CCCCC4,0,0,0,0,0,1,0,<rdkit.Chem.rdchem.Mol object at 0x000001E91DA7FA00>,NC(N)=[NH+]CCCC(NC(=O)C1CCCN1C(=O)C([NH3+])C(c1ccccc1)c1ccccc1)C(=O)CCC(=O)N1CCCCC1
310,NC(=[NH2+])C1=CC=C(CNC(=O)C2CCN2C(=O)C([NH2+]CC([O-])=O)C3CCCCC3)C=C1,0,0,0,0,0,1,0,<rdkit.Chem.rdchem.Mol object at 0x000001E91DA7FA60>,NC(=[NH2+])c1ccc(CNC(=O)C2CCN2C(=O)C([NH2+]CC(=O)[O-])C2CCCCC2)cc1
311,NC(=[NH2+])NCCCC(NC(=O)C1CCN2CCC([NH3+])(CC3=CC=CC=C3)C(=O)N12)C(=O)C4=NC5=C(S4)C=CC=C5,0,0,0,0,0,1,0,<rdkit.Chem.rdchem.Mol object at 0x000001E91DA7FAC0>,NC(=[NH2+])NCCCC(NC(=O)C1CCN2CCC([NH3+])(Cc3ccccc3)C(=O)N12)C(=O)c1nc2ccccc2s1
312,CC1CCN(CC1)C(=O)C(CCC[NH+]=C2NC=CC=C2)N[S](=O)(=O)C3=CC4=CC=CC=C4C=C3,0,0,0,0,0,1,0,<rdkit.Chem.rdchem.Mol object at 0x000001E91DA7FB20>,CC1CCN(C(=O)C(CCC[NH+]=c2cccc[nH]2)NS(=O)(=O)c2ccc3ccccc3c2)CC1
313,NC(=[NH2+])C1=CC=C(CC(N2CCC(N[S](=O)(=O)C3=CC4=CC=CC=C4C=C3)C2=O)C(=O)N5CCCCC5)C=C1,0,0,0,0,0,1,0,<rdkit.Chem.rdchem.Mol object at 0x000001E91DA7FB80>,NC(=[NH2+])c1ccc(CC(C(=O)N2CCCCC2)N2CCC(NS(=O)(=O)c3ccc4ccccc4c3)C2=O)cc1
314,CC1=CC(=CC(=C1)OCCNC2=CN=NC=C2)O[S](=O)(=O)C3=CN=CC=C3,0,0,0,0,0,1,0,<rdkit.Chem.rdchem.Mol object at 0x000001E91DA7FBE0>,Cc1cc(OCCNc2ccnnc2)cc(OS(=O)(=O)c2cccnc2)c1
315,[NH3+]C1CCC(CC1)CNC(=O)C2CCCN2C(=O)C(N[S](=O)(=O)CC3=CC=CC=C3)C(C4=CC=CC=C4)C5=CC=CC=C5,0,0,0,0,0,1,0,<rdkit.Chem.rdchem.Mol object at 0x000001E91DA7FC40>,[NH3+]C1CCC(CNC(=O)C2CCCN2C(=O)C(NS(=O)(=O)Cc2ccccc2)C(c2ccccc2)c2ccccc2)CC1
316,CC1=CN=C(NCCC2=CC=CC=C2)C(=O)N1CC(=O)NCC3=C(C)N=C(N)C=C3,0,0,0,0,0,1,0,<rdkit.Chem.rdchem.Mol object at 0x000001E91DA7FCA0>,Cc1nc(N)ccc1CNC(=O)Cn1c(C)cnc(NCCc2ccccc2)c1=O
317,NC(=[NH2+])C1=CC=C(NCC2=CC=C(OC3=CC=CC=C3)C=C2)C=C1,0,0,0,0,0,1,0,<rdkit.Chem.rdchem.Mol object at 0x000001E91DA7FD00>,NC(=[NH2+])c1ccc(NCc2ccc(Oc3ccccc3)cc2)cc1
318,OC1=CC2=C(C=C1)C(=C(S2)C3=CC=C(OCC[NH+]4CCCC4)C=C3)CC5=CN=C(OCC[NH+]6CCCC6)C=C5,0,0,0,0,0,1,0,<rdkit.Chem.rdchem.Mol object at 0x000001E91DA7FD60>,Oc1ccc2c(Cc3ccc(OCC[NH+]4CCCC4)nc3)c(-c3ccc(OCC[NH+]4CCCC4)cc3)sc2c1
319,CN(C1CCCC1)C(=O)C(CC2=CC=C(S2)C(N)=[NH2+])N[S](=O)(=O)C3=CC4=CC=CC=C4C=C3,0,0,0,0,0,1,0,<rdkit.Chem.rdchem.Mol object at 0x000001E91DA7FDC0>,CN(C(=O)C(Cc1ccc(C(N)=[NH2+])s1)NS(=O)(=O)c1ccc2ccccc2c1)C1CCCC1
320,CN(C1=CC(=CC=C1)OCCNC2=CC=NC=C2)[S](=O)(=O)C3=CC=CC=C3,0,0,0,0,0,1,0,<rdkit.Chem.rdchem.Mol object at 0x000001E91DA7FE20>,CN(c1cccc(OCCNc2ccncc2)c1)S(=O)(=O)c1ccccc1
321,NC(=[NH2+])C1=CC2=C([NH]C(=C2)CC3=CC=CC=C3)C=C1,0,0,0,0,0,1,0,<rdkit.Chem.rdchem.Mol object at 0x000001E91DA7FE80>,NC(=[NH2+])c1ccc2[nH]c(Cc3ccccc3)cc2c1
322,CN(C1CCCC1)C(=O)C(CC2=CC=C(C[NH3+])C=C2)C[S](=O)(=O)C3=CC4=C(CCCCC4)C=C3,0,0,0,0,0,1,0,<rdkit.Chem.rdchem.Mol object at 0x000001E91DA7FEE0>,CN(C(=O)C(Cc1ccc(C[NH3+])cc1)CS(=O)(=O)c1ccc2c(c1)CCCCC2)C1CCCC1
323,NC(=[NH2+])C1=CC=C(C=C1)C2C3C(C4CCC[NH+]24)C(=O)N(CC5=C6OCOC6=CC=C5)C3=O,0,0,0,0,0,1,0,<rdkit.Chem.rdchem.Mol object at 0x000001E91DA7FF40>,NC(=[NH2+])c1ccc(C2C3C(=O)N(Cc4cccc5c4OCO5)C(=O)C3C3CCC[NH+]32)cc1
324,NC(=[NH2+])NCCCC(NC(=O)CN1CCCC(N[S](=O)(=O)CC2=CC=CC=C2)C1=O)C([O-])=O,0,0,0,0,0,1,0,<rdkit.Chem.rdchem.Mol object at 0x000001E91DA7FFA0>,NC(=[NH2+])NCCCC(NC(=O)CN1CCCC(NS(=O)(=O)Cc2ccccc2)C1=O)C(=O)[O-]
325,CC1=CC(=CC(=C1)OC[CH]2CC[N+](CC2)=[C](N)N)O[S](=O)(=O)C3=C(Cl)C=CC=C3,0,0,0,0,0,1,0,<rdkit.Chem.rdchem.Mol object at 0x000001E91DA80040>,Cc1cc(OCC2CC[N+](=C(N)N)CC2)cc(OS(=O)(=O)c2ccccc2Cl)c1
326,CC1=CC=C(N[S](=O)(=O)CC2=CC=CC=C2)C(=O)N1CC(=O)NCC3CCC([NH3+])CC3,0,0,0,0,0,1,0,<rdkit.Chem.rdchem.Mol object at 0x000001E91DA800A0>,Cc1ccc(NS(=O)(=O)Cc2ccccc2)c(=O)n1CC(=O)NCC1CCC([NH3+])CC1
327,[NH3+]C(C(C1=CC=CC=C1)C2=CC=CC=C2)C(=O)N3CCCC3C(=O)NCC4=C(Cl)C=CC(=C4)Cl,0,0,0,0,0,1,0,<rdkit.Chem.rdchem.Mol object at 0x000001E91DA80100>,[NH3+]C(C(=O)N1CCCC1C(=O)NCc1cc(Cl)ccc1Cl)C(c1ccccc1)c1ccccc1
328,C[NH2+]C(CC1=CC=CC=C1)C(=O)N2CCCC2C(=O)NCC3CCC([NH3+])CC3,0,0,0,0,0,1,0,<rdkit.Chem.rdchem.Mol object at 0x000001E91DA80160>,C[NH2+]C(Cc1ccccc1)C(=O)N1CCCC1C(=O)NCC1CCC([NH3+])CC1
329,NC(=[NH2+])N1CCC(CC1)C(=O)NCC2CCCN2C(=O)C(CO)N[S](=O)(=O)C3=CC4=CC=CC=C4C=C3,0,0,0,0,0,1,0,<rdkit.Chem.rdchem.Mol object at 0x000001E91DA801C0>,NC(=[NH2+])N1CCC(C(=O)NCC2CCCN2C(=O)C(CO)NS(=O)(=O)c2ccc3ccccc3c2)CC1
330,[NH3+]C1CCC(CC1)CNC(=O)C2CCCN2C(=O)C3(O)C4=C(C=CC=C4)C5=C3C=CC=C5,0,0,0,0,0,1,0,<rdkit.Chem.rdchem.Mol object at 0x000001E91DA80220>,[NH3+]C1CCC(CNC(=O)C2CCCN2C(=O)C2(O)c3ccccc3-c3ccccc32)CC1
331,[O-]C(=O)C[NH2+]C(CC1CCCCC1)C(=O)N2CCCC2C(=O)NCCCC3=C[NH+]=C[NH]3,0,0,0,0,0,1,0,<rdkit.Chem.rdchem.Mol object at 0x000001E91DA80280>,O=C([O-])C[NH2+]C(CC1CCCCC1)C(=O)N1CCCC1C(=O)NCCCc1c[nH+]c[nH]1
332,CC1=CC2=C(NC(=O)C(CC3CCC3)C2)C(=O)N1CC(=O)NCC4=C(C)NC(=[NH2+])C=C4,0,0,0,0,0,1,0,<rdkit.Chem.rdchem.Mol object at 0x000001E91DA802E0>,Cc1[nH]c(=[NH2+])ccc1CNC(=O)Cn1c(C)cc2c(c1=O)NC(=O)C(CC1CCC1)C2
333,CN(C(=O)C1=CC2=C(C=C1)N(CCC2)C(=O)CCC3=CC=C(C=C3)C(N)=[NH2+])C4=CC=CC=C4,0,0,0,0,0,1,0,<rdkit.Chem.rdchem.Mol object at 0x000001E91DA80340>,CN(C(=O)c1ccc2c(c1)CCCN2C(=O)CCc1ccc(C(N)=[NH2+])cc1)c1ccccc1
334,NC1=CC=C(CC(N[S](=O)(=O)C2=C(NC(CO)CC3=CC=CC=C3)C=CN=C2)C(=O)N4CCC(CCF)CC4)C=C1,0,0,0,0,0,1,0,<rdkit.Chem.rdchem.Mol object at 0x000001E91DA803A0>,Nc1ccc(CC(NS(=O)(=O)c2cnccc2NC(CO)Cc2ccccc2)C(=O)N2CCC(CCF)CC2)cc1
